generation,pokedex_number,name,type_1,type_2,hp,attack,defense,sp_attack,sp_defense,speed,base_total,tier,legendary,alternate,mega
7,746,Wishiwashi Solo,water,,45,20,20,25,25,40,175,Untiered,FALSE,FALSE,FALSE
2,191,Sunkern,grass,,30,30,30,30,30,30,180,LC,FALSE,FALSE,FALSE
3,298,Azurill,normal,fairy,50,20,40,20,40,20,190,LC,FALSE,FALSE,FALSE
4,401,Kricketot,bug,,37,25,41,25,41,25,194,LC,FALSE,FALSE,FALSE
1,10,Caterpie,bug,,45,30,35,20,20,45,195,LC,FALSE,FALSE,FALSE
1,13,Weedle,bug,poison,40,35,30,20,20,50,195,LC,FALSE,FALSE,FALSE
3,265,Wurmple,bug,,45,45,35,20,30,20,195,LC,FALSE,FALSE,FALSE
3,280,Ralts,psychic,fairy,28,25,25,45,35,40,198,LC,FALSE,FALSE,FALSE
1,129,Magikarp,water,,20,10,55,15,20,80,200,LC,FALSE,FALSE,FALSE
3,349,Feebas,water,,20,15,20,10,55,80,200,LC,FALSE,FALSE,FALSE
6,664,Scatterbug,bug,,38,35,40,27,25,35,200,LC,FALSE,FALSE,FALSE
7,789,Cosmog,psychic,,43,29,31,29,31,37,200,LC,TRUE,FALSE,FALSE
2,172,Pichu,electric,,20,40,15,35,35,60,205,LC,FALSE,FALSE,FALSE
1,11,Metapod,bug,,50,20,55,25,25,30,205,NFE,FALSE,FALSE,FALSE
1,14,Kakuna,bug,poison,45,25,50,25,25,35,205,NFE,FALSE,FALSE,FALSE
3,266,Silcoon,bug,,50,35,55,25,25,15,205,NFE,FALSE,FALSE,FALSE
3,268,Cascoon,bug,,50,35,55,25,25,15,205,NFE,FALSE,FALSE,FALSE
2,174,Igglybuff,normal,fairy,90,30,15,40,20,15,210,LC,FALSE,FALSE,FALSE
2,194,Wooper,water,ground,55,45,45,25,25,15,210,LC,FALSE,FALSE,FALSE
2,236,Tyrogue,fighting,,35,35,35,35,35,35,210,LC,FALSE,FALSE,FALSE
7,761,Bounsweet,grass,,42,30,38,30,38,32,210,LC,FALSE,FALSE,FALSE
6,665,Spewpa,bug,,45,22,60,27,30,29,213,NFE,FALSE,FALSE,FALSE
2,161,Sentret,normal,,35,46,34,35,45,20,215,LC,FALSE,FALSE,FALSE
2,173,Cleffa,fairy,,50,25,28,45,55,15,218,LC,FALSE,FALSE,FALSE
3,261,Poochyena,dark,,35,55,35,30,30,35,220,LC,FALSE,FALSE,FALSE
3,270,Lotad,water,grass,40,30,30,40,50,30,220,LC,FALSE,FALSE,FALSE
3,273,Seedot,grass,,40,40,50,30,30,30,220,LC,FALSE,FALSE,FALSE
4,440,Happiny,normal,,100,5,5,15,65,30,220,LC,FALSE,FALSE,FALSE
4,412,Burmy,bug,,40,29,45,29,45,36,224,LC,FALSE,FALSE,FALSE
7,767,Wimpod,bug,water,25,35,40,20,30,80,230,LC,FALSE,FALSE,FALSE
3,292,Shedinja,bug,ghost,1,90,45,30,30,40,236,Untiered,FALSE,FALSE,FALSE
3,296,Makuhita,fighting,,72,60,30,20,30,25,237,LC,FALSE,FALSE,FALSE
6,659,Bunnelby,normal,,38,36,38,32,36,57,237,LC,FALSE,FALSE,FALSE
3,263,Zigzagoon,normal,,38,30,41,30,41,60,240,LC,FALSE,FALSE,FALSE
3,293,Whismur,normal,,64,51,23,51,23,28,240,LC,FALSE,FALSE,FALSE
4,415,Combee,bug,flying,30,30,42,30,42,70,244,LC,FALSE,FALSE,FALSE
1,41,Zubat,poison,flying,40,45,35,30,40,55,245,LC,FALSE,FALSE,FALSE
2,175,Togepi,fairy,,35,20,65,40,65,20,245,LC,FALSE,FALSE,FALSE
4,396,Starly,normal,flying,40,55,30,30,30,60,245,LC,FALSE,FALSE,FALSE
6,714,Noibat,flying,dragon,40,30,35,45,40,55,245,LC,FALSE,FALSE,FALSE
2,167,Spinarak,bug,poison,40,60,40,40,40,30,250,LC,FALSE,FALSE,FALSE
2,187,Hoppip,grass,flying,35,35,40,35,55,50,250,LC,FALSE,FALSE,FALSE
2,218,Slugma,fire,,40,40,40,70,40,20,250,LC,FALSE,FALSE,FALSE
2,220,Swinub,ice,ground,50,50,40,30,30,50,250,LC,FALSE,FALSE,FALSE
4,399,Bidoof,normal,,59,45,40,35,40,31,250,LC,FALSE,FALSE,FALSE
7,753,Fomantis,grass,,40,55,35,50,35,35,250,LC,FALSE,FALSE,FALSE
2,183,Marill,water,fairy,70,20,50,20,50,40,250,NFE,FALSE,FALSE,FALSE
2,235,Smeargle,normal,,55,20,35,20,45,75,250,Untiered,FALSE,FALSE,FALSE
1,16,Pidgey,normal,flying,40,45,40,35,35,56,251,LC,FALSE,FALSE,FALSE
7,19,Rattata- Alolan,normal,dark,30,56,35,25,35,72,253,LC,FALSE,FALSE,FALSE
1,19,Rattata,normal,,30,56,35,25,35,72,253,LC,FALSE,TRUE,FALSE
7,734,Yungoos,normal,,48,70,30,30,30,45,253,LC,FALSE,FALSE,FALSE
5,504,Patrat,normal,,45,55,39,35,39,42,255,LC,FALSE,FALSE,FALSE
3,300,Skitty,normal,,50,45,45,35,35,50,260,LC,FALSE,FALSE,FALSE
3,360,Wynaut,psychic,,95,23,48,23,48,23,260,LC,FALSE,FALSE,FALSE
5,543,Venipede,bug,poison,30,45,59,30,39,57,260,LC,FALSE,FALSE,FALSE
1,21,Spearow,normal,flying,40,60,30,31,31,70,262,LC,FALSE,FALSE,FALSE
2,163,Hoothoot,normal,flying,60,30,30,36,56,50,262,LC,FALSE,FALSE,FALSE
4,403,Shinx,electric,,45,65,34,40,34,45,263,LC,FALSE,FALSE,FALSE
5,519,Pidove,normal,flying,50,55,50,36,30,43,264,LC,FALSE,FALSE,FALSE
7,50,Diglett- Alolan,ground,steel,10,55,30,35,45,90,265,LC,FALSE,FALSE,FALSE
1,50,Diglett,ground,,10,55,25,35,45,95,265,LC,FALSE,TRUE,FALSE
2,165,Ledyba,bug,flying,40,20,30,40,80,55,265,LC,FALSE,FALSE,FALSE
7,731,Pikipek,normal,flying,35,75,30,30,30,65,265,LC,FALSE,FALSE,FALSE
3,290,Nincada,bug,ground,31,45,90,30,30,40,266,LC,FALSE,FALSE,FALSE
3,283,Surskit,bug,water,40,30,32,50,52,65,269,LC,FALSE,FALSE,FALSE
7,751,Dewpider,water,bug,38,40,52,40,72,27,269,LC,FALSE,FALSE,FALSE
3,276,Taillow,normal,flying,40,55,30,30,30,85,270,LC,FALSE,FALSE,FALSE
3,278,Wingull,water,flying,40,30,30,55,30,85,270,LC Uber,FALSE,FALSE,FALSE
1,39,Jigglypuff,normal,fairy,115,45,20,45,25,20,270,NFE,FALSE,FALSE,FALSE
1,32,Nidoran♂,poison,,46,57,40,40,40,50,273,LC,FALSE,FALSE,FALSE
1,29,Nidoran♀,poison,,55,47,52,40,40,41,275,LC,FALSE,FALSE,FALSE
4,420,Cherubi,grass,,45,35,45,62,53,35,275,LC,FALSE,FALSE,FALSE
5,506,Lillipup,normal,,45,60,45,25,45,55,275,LC,FALSE,FALSE,FALSE
5,602,Tynamo,electric,,35,55,40,45,40,60,275,LC,FALSE,FALSE,FALSE
5,607,Litwick,ghost,fire,50,30,55,65,55,20,275,LC,FALSE,FALSE,FALSE
6,661,Fletchling,normal,flying,45,50,43,40,38,62,278,LC,FALSE,FALSE,FALSE
3,281,Kirlia,psychic,fairy,38,35,35,65,55,50,278,NFE,FALSE,FALSE,FALSE
2,179,Mareep,electric,,55,40,40,65,45,35,280,LC,FALSE,FALSE,FALSE
3,287,Slakoth,normal,,60,60,60,35,35,30,280,LC,FALSE,FALSE,FALSE
4,406,Budew,grass,poison,40,30,35,50,70,55,280,LC,FALSE,FALSE,FALSE
5,524,Roggenrola,rock,,55,75,85,25,25,15,280,LC,FALSE,FALSE,FALSE
5,546,Cottonee,grass,fairy,40,27,60,37,50,66,280,LC,FALSE,FALSE,FALSE
5,548,Petilil,grass,,45,35,50,70,50,30,280,LC,FALSE,FALSE,FALSE
7,744,Rockruff,rock,,45,65,40,30,40,60,280,LC,FALSE,FALSE,FALSE
3,307,Meditite,fighting,psychic,30,40,55,40,55,60,280,LC Uber,FALSE,FALSE,FALSE
5,509,Purrloin,dark,,41,50,37,50,37,66,281,LC,FALSE,FALSE,FALSE
1,46,Paras,bug,grass,35,70,55,45,55,25,285,LC,FALSE,FALSE,FALSE
4,433,Chingling,psychic,,45,30,50,65,50,45,285,LC,FALSE,FALSE,FALSE
4,447,Riolu,fighting,,40,70,40,35,40,60,285,LC,FALSE,FALSE,FALSE
7,755,Morelull,grass,fairy,40,35,55,65,75,15,285,LC,FALSE,FALSE,FALSE
1,23,Ekans,poison,,35,60,44,40,54,55,288,LC,FALSE,FALSE,FALSE
3,339,Barboach,water,ground,50,48,43,46,41,60,288,LC,FALSE,FALSE,FALSE
6,686,Inkay,dark,psychic,53,54,53,37,46,45,288,LC,FALSE,FALSE,FALSE
1,132,Ditto,normal,,48,48,48,48,48,48,288,Untiered,FALSE,FALSE,FALSE
6,694,Helioptile,electric,normal,44,38,33,61,43,70,289,LC,FALSE,FALSE,FALSE
1,52,Meowth,normal,,40,45,35,40,40,90,290,LC,FALSE,TRUE,FALSE
7,52,Meowth- Alolan,dark,,40,35,35,50,40,90,290,LC,FALSE,FALSE,FALSE
2,204,Pineco,bug,,50,65,90,35,35,15,290,LC,FALSE,FALSE,FALSE
3,363,Spheal,ice,water,70,40,50,55,50,25,290,LC,FALSE,FALSE,FALSE
4,438,Bonsly,rock,,50,80,95,10,45,10,290,LC,FALSE,FALSE,FALSE
5,577,Solosis,psychic,,45,30,40,105,50,20,290,LC,FALSE,FALSE,FALSE
3,328,Trapinch,ground,,45,100,45,45,45,10,290,LC Uber,FALSE,FALSE,FALSE
5,574,Gothita,psychic,,45,30,50,55,65,45,290,LC Uber,FALSE,FALSE,FALSE
7,762,Steenee,grass,,52,40,48,40,48,62,290,NFE,FALSE,FALSE,FALSE
5,517,Munna,psychic,,76,25,45,67,55,24,292,LC,FALSE,FALSE,FALSE
5,551,Sandile,ground,dark,50,72,35,35,35,65,292,LC,FALSE,FALSE,FALSE
5,535,Tympole,water,,50,50,40,50,40,64,294,LC,FALSE,FALSE,FALSE
5,590,Foongus,grass,poison,69,55,45,55,55,15,294,LC,FALSE,FALSE,FALSE
1,116,Horsea,water,,30,40,70,70,25,60,295,LC,FALSE,FALSE,FALSE
3,285,Shroomish,grass,,60,40,60,40,60,35,295,LC,FALSE,FALSE,FALSE
3,309,Electrike,electric,,40,45,40,65,40,65,295,LC,FALSE,FALSE,FALSE
3,353,Shuppet,ghost,,44,75,35,63,33,45,295,LC,FALSE,FALSE,FALSE
3,355,Duskull,ghost,,20,40,90,30,90,25,295,LC,FALSE,FALSE,FALSE
5,522,Blitzle,electric,,45,60,32,50,32,76,295,LC,FALSE,FALSE,FALSE
7,37,Vulpix- Alolan,ice,,38,41,40,50,65,65,299,LC,FALSE,FALSE,FALSE
1,37,Vulpix,fire,,38,41,40,50,65,65,299,LC Uber,FALSE,TRUE,FALSE
7,27,Sandshrew- Alolan,ice,steel,50,75,90,10,35,40,300,LC,FALSE,FALSE,FALSE
1,27,Sandshrew,ground,,50,75,85,20,30,40,300,LC,FALSE,TRUE,FALSE
1,60,Poliwag,water,,40,50,40,40,40,90,300,LC,FALSE,FALSE,FALSE
1,69,Bellsprout,grass,poison,50,75,35,70,30,40,300,LC,FALSE,FALSE,FALSE
7,74,Geodude- Alolan,rock,electric,40,80,100,30,30,20,300,LC,FALSE,FALSE,FALSE
1,74,Geodude,rock,ground,40,80,100,30,30,20,300,LC,FALSE,TRUE,FALSE
1,147,Dratini,dragon,,41,64,45,50,50,50,300,LC,FALSE,FALSE,FALSE
2,209,Snubbull,fairy,,60,80,50,40,40,30,300,LC,FALSE,FALSE,FALSE
2,223,Remoraid,water,,35,65,35,65,35,65,300,LC,FALSE,FALSE,FALSE
2,246,Larvitar,rock,ground,50,64,50,45,50,41,300,LC,FALSE,FALSE,FALSE
3,343,Baltoy,ground,psychic,40,40,55,40,70,55,300,LC,FALSE,FALSE,FALSE
3,361,Snorunt,ice,,50,50,50,50,50,50,300,LC,FALSE,FALSE,FALSE
3,371,Bagon,dragon,,45,75,60,40,30,50,300,LC,FALSE,FALSE,FALSE
3,374,Beldum,steel,psychic,40,55,80,35,60,30,300,LC,FALSE,FALSE,FALSE
4,436,Bronzor,steel,psychic,57,24,86,24,86,23,300,LC,FALSE,FALSE,FALSE
4,443,Gible,dragon,ground,58,70,45,40,45,42,300,LC,FALSE,FALSE,FALSE
4,453,Croagunk,poison,fighting,48,61,40,61,40,50,300,LC,FALSE,FALSE,FALSE
5,572,Minccino,normal,,55,50,40,40,40,75,300,LC,FALSE,FALSE,FALSE
5,599,Klink,steel,,40,55,70,45,60,30,300,LC,FALSE,FALSE,FALSE
5,633,Deino,dark,dragon,52,65,50,45,50,38,300,LC,FALSE,FALSE,FALSE
6,704,Goomy,dragon,,45,50,35,55,75,40,300,LC,FALSE,FALSE,FALSE
7,736,Grubbin,bug,,47,62,45,55,45,46,300,LC,FALSE,FALSE,FALSE
7,782,Jangmo-o,dragon,,45,55,65,45,45,45,300,LC,FALSE,FALSE,FALSE
7,808,Meltan,steel,,46,65,65,55,35,34,300,Untiered,TRUE,FALSE,FALSE
3,316,Gulpin,poison,,70,43,53,43,53,40,302,LC,FALSE,FALSE,FALSE
5,562,Yamask,ghost,,38,30,85,55,65,30,303,LC,FALSE,FALSE,FALSE
5,622,Golett,ground,ghost,59,74,50,35,50,35,303,LC,FALSE,FALSE,FALSE
6,669,Flabébé,fairy,,44,38,39,61,79,42,303,LC,FALSE,FALSE,FALSE
6,712,Bergmite,ice,,55,69,85,32,35,28,304,LC,FALSE,FALSE,FALSE
7,742,Cutiefly,bug,fairy,40,45,40,55,40,84,304,LC Uber,FALSE,FALSE,FALSE
1,48,Venonat,bug,poison,60,55,50,40,55,45,305,LC,FALSE,FALSE,FALSE
1,56,Mankey,fighting,,40,80,35,35,45,70,305,LC,FALSE,FALSE,FALSE
1,66,Machop,fighting,,70,80,50,35,35,35,305,LC,FALSE,FALSE,FALSE
1,90,Shellder,water,,30,65,100,45,25,40,305,LC,FALSE,FALSE,FALSE
2,238,Smoochum,ice,psychic,45,30,15,85,65,65,305,LC,FALSE,FALSE,FALSE
3,318,Carvanha,water,dark,45,90,20,65,20,65,305,LC,FALSE,FALSE,FALSE
3,322,Numel,fire,ground,60,60,40,65,45,35,305,LC,FALSE,FALSE,FALSE
5,532,Timburr,fighting,,75,80,55,25,35,35,305,LC,FALSE,FALSE,FALSE
5,580,Ducklett,water,flying,62,44,50,44,50,55,305,LC,FALSE,FALSE,FALSE
5,582,Vanillite,ice,,36,50,50,65,60,44,305,LC,FALSE,FALSE,FALSE
5,597,Ferroseed,grass,steel,44,50,91,24,86,10,305,LC,FALSE,FALSE,FALSE
5,613,Cubchoo,ice,,55,70,40,60,40,40,305,LC,FALSE,FALSE,FALSE
5,616,Shelmet,bug,,50,40,85,40,65,25,305,LC,FALSE,FALSE,FALSE
7,747,Mareanie,poison,water,50,53,62,43,52,45,305,LC,FALSE,FALSE,FALSE
6,688,Binacle,rock,water,42,52,67,39,56,50,306,LC,FALSE,FALSE,FALSE
6,653,Fennekin,fire,,40,45,40,62,60,60,307,LC,FALSE,FALSE,FALSE
3,341,Corphish,water,,43,80,65,50,35,35,308,LC,FALSE,FALSE,FALSE
5,495,Snivy,grass,,45,45,55,45,55,63,308,LC,FALSE,FALSE,FALSE
5,498,Tepig,fire,,65,63,45,45,45,45,308,LC,FALSE,FALSE,FALSE
5,501,Oshawott,water,,55,55,45,63,45,45,308,LC,FALSE,FALSE,FALSE
1,4,Charmander,fire,,39,52,43,60,50,65,309,LC,FALSE,FALSE,FALSE
2,155,Cyndaquil,fire,,39,52,43,60,50,65,309,LC,FALSE,FALSE,FALSE
4,390,Chimchar,fire,,44,58,44,58,44,61,309,LC,FALSE,FALSE,FALSE
6,708,Phantump,ghost,grass,43,70,48,50,60,38,309,LC,FALSE,FALSE,FALSE
1,63,Abra,psychic,,25,20,15,105,55,90,310,LC,FALSE,FALSE,FALSE
1,84,Doduo,normal,flying,35,85,45,35,35,75,310,LC,FALSE,FALSE,FALSE
1,92,Gastly,ghost,poison,30,35,30,100,35,80,310,LC,FALSE,FALSE,FALSE
3,252,Treecko,grass,,40,45,35,65,55,70,310,LC,FALSE,FALSE,FALSE
3,255,Torchic,fire,,45,60,40,70,50,45,310,LC,FALSE,FALSE,FALSE
3,258,Mudkip,water,,50,70,50,50,50,40,310,LC,FALSE,FALSE,FALSE
3,333,Swablu,normal,flying,45,40,60,40,75,50,310,LC,FALSE,FALSE,FALSE
4,431,Glameow,normal,,49,55,42,42,37,85,310,LC,FALSE,FALSE,FALSE
4,439,Mime Jr.,psychic,fairy,20,25,45,70,90,60,310,LC,FALSE,FALSE,FALSE
5,540,Sewaddle,bug,grass,45,53,70,40,60,42,310,LC,FALSE,FALSE,FALSE
6,650,Chespin,grass,,56,61,65,48,45,38,313,LC,FALSE,FALSE,FALSE
1,7,Squirtle,water,,44,48,65,50,64,43,314,LC,FALSE,FALSE,FALSE
2,158,Totodile,water,,50,65,64,44,48,43,314,LC,FALSE,FALSE,FALSE
4,393,Piplup,water,,53,51,53,61,56,40,314,LC,FALSE,FALSE,FALSE
6,656,Froakie,water,,41,56,40,62,44,71,314,LC,FALSE,FALSE,FALSE
1,79,Slowpoke,water,psychic,90,65,65,40,40,15,315,LC,FALSE,FALSE,FALSE
5,554,Darumaka,fire,,70,90,45,15,45,50,315,LC,FALSE,FALSE,FALSE
5,588,Karrablast,bug,,50,75,45,40,45,60,315,LC,FALSE,FALSE,FALSE
5,511,Pansage,grass,,50,53,48,53,48,64,316,LC,FALSE,FALSE,FALSE
5,513,Pansear,fire,,50,53,48,53,48,64,316,LC,FALSE,FALSE,FALSE
5,515,Panpour,water,,50,53,48,53,48,64,316,LC,FALSE,FALSE,FALSE
1,1,Bulbasaur,grass,poison,45,49,49,65,65,45,318,LC,FALSE,FALSE,FALSE
2,152,Chikorita,grass,,45,49,65,49,65,45,318,LC,FALSE,FALSE,FALSE
4,387,Turtwig,grass,,55,68,64,45,55,31,318,LC,FALSE,FALSE,FALSE
5,595,Joltik,bug,electric,50,47,50,57,50,65,319,LC,FALSE,FALSE,FALSE
1,43,Oddish,grass,poison,45,50,55,75,65,30,320,LC,FALSE,FALSE,FALSE
1,54,Psyduck,water,,50,52,48,65,50,55,320,LC,FALSE,FALSE,FALSE
1,104,Cubone,ground,,50,50,95,40,50,35,320,LC,FALSE,FALSE,FALSE
1,118,Goldeen,water,,45,67,60,35,50,63,320,LC,FALSE,FALSE,FALSE
2,177,Natu,psychic,flying,40,50,45,70,45,70,320,LC,FALSE,FALSE,FALSE
5,610,Axew,dragon,,46,87,60,30,40,57,320,LC,FALSE,FALSE,FALSE
6,690,Skrelp,poison,water,50,60,60,60,60,30,320,LC,FALSE,FALSE,FALSE
7,722,Rowlet,grass,flying,68,55,55,50,50,42,320,LC,FALSE,FALSE,FALSE
7,725,Litten,fire,,45,65,40,60,40,70,320,LC,FALSE,FALSE,FALSE
7,728,Popplio,water,,50,54,54,66,56,40,320,LC,FALSE,FALSE,FALSE
7,757,Salandit,poison,fire,48,44,40,71,40,77,320,LC,FALSE,FALSE,FALSE
7,769,Sandygast,ghost,ground,55,55,80,70,45,15,320,LC,FALSE,FALSE,FALSE
1,25,Pikachu,electric,,35,55,40,50,50,90,320,NFE,FALSE,FALSE,FALSE
5,527,Woobat,psychic,flying,65,45,43,55,43,72,323,LC,FALSE,FALSE,FALSE
1,35,Clefairy,fairy,,70,45,48,60,65,35,323,PU,FALSE,FALSE,FALSE
1,81,Magnemite,electric,steel,25,35,70,95,55,45,325,LC,FALSE,FALSE,FALSE
1,86,Seel,water,,65,45,55,45,70,45,325,LC,FALSE,FALSE,FALSE
7,88,Grimer- Alolan,poison,dark,80,80,50,40,50,25,325,LC,FALSE,FALSE,FALSE
1,88,Grimer,poison,,80,80,50,40,50,25,325,LC,FALSE,TRUE,FALSE
1,98,Krabby,water,,30,105,90,25,25,50,325,LC,FALSE,FALSE,FALSE
1,102,Exeggcute,grass,psychic,60,40,80,60,45,40,325,LC,FALSE,FALSE,FALSE
1,133,Eevee,normal,,55,55,50,45,65,55,325,LC,FALSE,FALSE,FALSE
4,422,Shellos,water,,76,48,48,57,62,34,325,LC,FALSE,FALSE,FALSE
5,557,Dwebble,bug,rock,50,65,85,35,35,55,325,LC,FALSE,FALSE,FALSE
6,679,Honedge,steel,ghost,45,80,100,35,37,28,325,LC,FALSE,FALSE,FALSE
1,96,Drowzee,psychic,,60,48,45,43,90,42,328,LC,FALSE,FALSE,FALSE
5,529,Drilbur,ground,,60,85,40,30,45,68,328,LC,FALSE,FALSE,FALSE
4,434,Stunky,poison,dark,63,63,47,41,41,74,329,LC,FALSE,FALSE,FALSE
5,568,Trubbish,poison,,50,50,62,40,62,65,329,LC,FALSE,FALSE,FALSE
1,100,Voltorb,electric,,40,30,50,55,55,100,330,LC,FALSE,FALSE,FALSE
2,170,Chinchou,water,electric,75,38,38,56,56,67,330,LC,FALSE,FALSE,FALSE
2,216,Teddiursa,normal,,60,80,50,50,50,40,330,LC,FALSE,FALSE,FALSE
2,228,Houndour,dark,fire,45,60,30,80,50,65,330,LC,FALSE,FALSE,FALSE
2,231,Phanpy,ground,,90,60,60,40,40,40,330,LC,FALSE,FALSE,FALSE
3,304,Aron,steel,rock,50,70,100,40,40,30,330,LC,FALSE,FALSE,FALSE
3,325,Spoink,psychic,,60,25,35,70,80,60,330,LC,FALSE,FALSE,FALSE
4,418,Buizel,water,,55,65,35,60,30,85,330,LC,FALSE,FALSE,FALSE
4,449,Hippopotas,ground,,68,72,78,38,42,32,330,LC,FALSE,FALSE,FALSE
4,451,Skorupi,poison,bug,40,50,90,30,55,65,330,LC,FALSE,FALSE,FALSE
4,456,Finneon,water,,49,49,56,49,61,66,330,LC,FALSE,FALSE,FALSE
5,570,Zorua,dark,,40,65,40,80,40,65,330,LC,FALSE,FALSE,FALSE
6,692,Clauncher,water,,50,53,62,58,63,44,330,LC,FALSE,FALSE,FALSE
2,225,Delibird,ice,flying,45,55,45,65,45,75,330,Untiered,FALSE,FALSE,FALSE
3,370,Luvdisc,water,,43,30,55,40,65,97,330,Untiered,FALSE,FALSE,FALSE
4,459,Snover,grass,ice,60,62,50,62,60,40,334,LC,FALSE,FALSE,FALSE
1,72,Tentacool,water,poison,40,40,35,50,100,70,335,LC,FALSE,FALSE,FALSE
3,331,Cacnea,grass,,50,85,40,85,40,35,335,LC,FALSE,FALSE,FALSE
5,585,Deerling,normal,grass,60,60,50,40,50,75,335,LC,FALSE,FALSE,FALSE
5,592,Frillish,water,ghost,55,40,50,65,85,40,335,LC,FALSE,FALSE,FALSE
5,605,Elgyem,psychic,,55,55,55,85,55,30,335,LC,FALSE,FALSE,FALSE
6,710,Pumpkaboo Average,ghost,grass,49,66,70,44,55,51,335,LC,FALSE,TRUE,FALSE
6,710,Pumpkaboo Large,ghost,grass,54,66,70,44,55,46,335,LC,FALSE,FALSE,FALSE
6,710,Pumpkaboo Small,ghost,grass,44,66,70,44,55,56,335,LC,FALSE,FALSE,FALSE
6,710,Pumpkaboo Super,ghost,grass,59,66,70,44,55,41,335,LC,FALSE,FALSE,FALSE
2,201,Unown,psychic,,48,72,48,72,48,48,336,Untiered,FALSE,FALSE,FALSE
7,739,Crabrawler,fighting,,47,82,57,42,47,63,338,LC,FALSE,FALSE,FALSE
1,109,Koffing,poison,,40,65,95,60,45,35,340,LC,FALSE,FALSE,FALSE
1,120,Staryu,water,,30,45,55,70,55,85,340,LC,FALSE,FALSE,FALSE
5,624,Pawniard,dark,steel,45,85,70,40,40,60,340,LC,FALSE,FALSE,FALSE
7,759,Stufful,normal,fighting,70,75,50,45,50,50,340,LC,FALSE,FALSE,FALSE
2,188,Skiploom,grass,flying,55,45,50,45,65,80,340,NFE,FALSE,FALSE,FALSE
3,271,Lombre,water,grass,60,50,50,60,70,50,340,NFE,FALSE,FALSE,FALSE
3,274,Nuzleaf,grass,dark,70,70,40,60,40,60,340,NFE,FALSE,FALSE,FALSE
3,329,Vibrava,ground,dragon,50,70,50,50,50,70,340,NFE,FALSE,FALSE,FALSE
4,397,Staravia,normal,flying,55,75,50,40,40,80,340,NFE,FALSE,FALSE,FALSE
6,682,Spritzee,fairy,,78,52,60,63,65,23,341,LC,FALSE,FALSE,FALSE
6,684,Swirlix,fairy,,62,48,66,59,57,49,341,LC Uber,FALSE,FALSE,FALSE
1,111,Rhyhorn,ground,rock,80,85,95,30,30,25,345,LC,FALSE,FALSE,FALSE
3,366,Clamperl,water,,35,64,85,74,55,32,345,LC,FALSE,FALSE,FALSE
4,458,Mantyke,water,flying,45,20,50,60,120,50,345,LC,FALSE,FALSE,FALSE
5,559,Scraggy,dark,fighting,50,75,70,35,70,48,348,LC,FALSE,FALSE,FALSE
6,674,Pancham,fighting,,67,82,62,46,48,43,348,LC,FALSE,FALSE,FALSE
4,425,Drifloon,ghost,flying,90,50,34,60,44,70,348,LC Uber,FALSE,FALSE,FALSE
1,17,Pidgeotto,normal,flying,63,60,55,50,50,71,349,NFE,FALSE,FALSE,FALSE
1,58,Growlithe,fire,,55,70,45,70,50,60,350,LC,FALSE,FALSE,FALSE
4,408,Cranidos,rock,,67,125,40,30,30,58,350,LC,FALSE,FALSE,FALSE
4,410,Shieldon,rock,steel,30,42,118,42,88,30,350,LC,FALSE,FALSE,FALSE
4,427,Buneary,normal,,55,66,44,44,56,85,350,LC,FALSE,FALSE,FALSE
5,619,Mienfoo,fighting,,45,85,50,55,50,65,350,LC,FALSE,FALSE,FALSE
5,627,Rufflet,normal,flying,70,83,50,37,50,60,350,LC,FALSE,FALSE,FALSE
6,672,Skiddo,grass,,66,65,48,62,57,52,350,LC,FALSE,FALSE,FALSE
5,552,Krokorok,ground,dark,60,82,45,45,45,74,351,NFE,FALSE,FALSE,FALSE
1,138,Omanyte,rock,water,35,40,100,90,55,35,355,LC,FALSE,FALSE,FALSE
1,140,Kabuto,rock,water,30,80,90,55,45,55,355,LC,FALSE,FALSE,FALSE
3,345,Lileep,rock,grass,66,41,77,61,87,23,355,LC,FALSE,FALSE,FALSE
3,347,Anorith,rock,bug,45,95,50,40,50,75,355,LC,FALSE,FALSE,FALSE
5,564,Tirtouga,water,rock,54,78,103,53,45,22,355,LC,FALSE,FALSE,FALSE
6,677,Espurr,psychic,,62,48,54,63,60,68,355,LC,FALSE,FALSE,FALSE
7,732,Trumbeak,normal,flying,55,85,50,40,50,75,355,NFE,FALSE,FALSE,FALSE
5,520,Tranquill,normal,flying,62,77,62,50,42,65,358,NFE,FALSE,FALSE,FALSE
2,239,Elekid,electric,,45,63,37,65,55,95,360,LC,FALSE,FALSE,FALSE
5,636,Larvesta,bug,fire,55,85,55,50,55,60,360,LC,FALSE,FALSE,FALSE
2,190,Aipom,normal,,55,70,55,40,55,85,360,LC Uber,FALSE,FALSE,FALSE
3,294,Loudred,normal,,84,71,43,71,43,48,360,NFE,FALSE,FALSE,FALSE
5,544,Whirlipede,bug,poison,40,55,99,40,79,47,360,NFE,FALSE,FALSE,FALSE
3,327,Spinda,normal,,60,60,60,60,60,60,360,Untiered,FALSE,FALSE,FALSE
6,696,Tyrunt,rock,dragon,58,89,77,45,45,48,362,LC,FALSE,FALSE,FALSE
6,698,Amaura,rock,ice,77,59,50,67,63,46,362,LC,FALSE,FALSE,FALSE
4,404,Luxio,electric,,60,85,49,60,49,60,363,NFE,FALSE,FALSE,FALSE
2,240,Magby,fire,,45,75,37,70,55,83,365,LC,FALSE,FALSE,FALSE
1,30,Nidorina,poison,,70,62,67,55,55,56,365,NFE,FALSE,FALSE,FALSE
1,33,Nidorino,poison,,61,72,57,55,55,65,365,NFE,FALSE,FALSE,FALSE
2,180,Flaaffy,electric,,70,55,55,80,60,45,365,NFE,FALSE,FALSE,FALSE
6,667,Litleo,fire,normal,62,50,58,73,54,72,369,LC,FALSE,FALSE,FALSE
5,629,Vullaby,dark,flying,70,55,75,45,65,60,370,LC,FALSE,FALSE,FALSE
5,507,Herdier,normal,,65,80,65,35,65,60,370,NFE,FALSE,FALSE,FALSE
5,578,Duosion,psychic,,65,40,50,125,60,30,370,NFE,FALSE,FALSE,FALSE
5,608,Lampent,ghost,fire,60,40,60,95,60,55,370,NFE,FALSE,FALSE,FALSE
3,299,Nosepass,rock,,30,45,135,45,90,30,375,LC,FALSE,FALSE,FALSE
1,83,Farfetch'd,normal,flying,52,90,55,58,62,60,377,Untiered,FALSE,FALSE,FALSE
5,541,Swadloon,bug,grass,55,63,90,50,80,42,380,NFE,FALSE,FALSE,FALSE
3,302,Sableye,dark,ghost,50,75,75,65,65,50,380,PU,FALSE,FALSE,FALSE
3,303,Mawile,steel,fairy,50,85,85,55,55,50,380,Untiered,FALSE,FALSE,FALSE
6,662,Fletchinder,fire,flying,62,73,55,56,52,84,382,NFE,FALSE,FALSE,FALSE
5,536,Palpitoad,water,ground,75,65,55,65,55,69,384,NFE,FALSE,FALSE,FALSE
4,402,Kricketune,bug,,77,85,51,55,51,65,384,Untiered,FALSE,FALSE,FALSE
1,95,Onix,rock,ground,35,45,160,30,45,70,385,LC,FALSE,FALSE,FALSE
1,108,Lickitung,normal,,90,55,75,60,75,30,385,LC,FALSE,FALSE,FALSE
7,749,Mudbray,ground,,70,100,70,45,55,45,385,LC,FALSE,FALSE,FALSE
1,61,Poliwhirl,water,,65,65,65,50,50,90,385,NFE,FALSE,FALSE,FALSE
3,269,Dustox,bug,poison,60,50,70,50,90,65,385,Untiered,FALSE,FALSE,FALSE
4,446,Munchlax,normal,,135,85,40,40,85,5,390,LC,FALSE,FALSE,FALSE
2,193,Yanma,bug,flying,65,65,45,75,45,95,390,LC Uber,FALSE,FALSE,FALSE
1,70,Weepinbell,grass,poison,65,90,50,85,45,55,390,NFE,FALSE,FALSE,FALSE
7,75,Graveler- Alolan,rock,electric,55,95,115,45,45,35,390,NFE,FALSE,FALSE,FALSE
1,75,Graveler,rock,ground,55,95,115,45,45,35,390,NFE,FALSE,TRUE,FALSE
5,525,Boldore,rock,,70,105,105,50,40,20,390,NFE,FALSE,FALSE,FALSE
5,575,Gothorita,psychic,,60,45,70,75,85,55,390,NFE,FALSE,FALSE,FALSE
2,166,Ledian,bug,flying,55,35,50,55,110,85,390,Untiered,FALSE,FALSE,FALSE
1,137,Porygon,normal,,65,60,70,85,75,40,395,LC Uber,FALSE,FALSE,FALSE
1,44,Gloom,grass,poison,60,65,70,85,75,40,395,NFE,FALSE,FALSE,FALSE
5,583,Vanillish,ice,,51,65,65,80,75,59,395,NFE,FALSE,FALSE,FALSE
1,12,Butterfree,bug,flying,60,45,50,90,80,70,395,Untiered,FALSE,FALSE,FALSE
1,15,Beedrill,bug,poison,65,90,40,45,80,75,395,Untiered,FALSE,FALSE,FALSE
3,267,Beautifly,bug,flying,60,70,50,100,50,65,395,Untiered,FALSE,FALSE,FALSE
3,320,Wailmer,water,,130,70,35,70,35,60,400,LC,FALSE,FALSE,FALSE
1,64,Kadabra,psychic,,40,35,30,120,70,105,400,NFE,FALSE,FALSE,FALSE
7,737,Charjabug,bug,electric,57,82,95,55,75,36,400,NFE,FALSE,FALSE,FALSE
7,790,Cosmoem,psychic,,43,29,131,29,131,37,400,NFE,TRUE,FALSE,FALSE
3,315,Roselia,grass,poison,50,60,45,100,80,65,400,PU,FALSE,FALSE,FALSE
2,168,Ariados,bug,poison,70,90,70,60,70,40,400,Untiered,FALSE,FALSE,FALSE
3,301,Delcatty,normal,,70,65,65,55,55,90,400,Untiered,FALSE,FALSE,FALSE
5,566,Archen,rock,flying,55,112,45,74,45,70,401,LC,FALSE,FALSE,FALSE
2,198,Murkrow,dark,flying,60,85,42,85,42,91,405,LC Uber,FALSE,FALSE,FALSE
1,2,Ivysaur,grass,poison,60,62,63,80,80,60,405,NFE,FALSE,FALSE,FALSE
1,5,Charmeleon,fire,,58,64,58,80,65,80,405,NFE,FALSE,FALSE,FALSE
1,8,Wartortle,water,,59,63,80,65,80,58,405,NFE,FALSE,FALSE,FALSE
1,67,Machoke,fighting,,80,100,70,50,60,45,405,NFE,FALSE,FALSE,FALSE
2,153,Bayleef,grass,,60,62,80,63,80,60,405,NFE,FALSE,FALSE,FALSE
2,156,Quilava,fire,,58,64,58,80,65,80,405,NFE,FALSE,FALSE,FALSE
2,159,Croconaw,water,,65,80,80,59,63,58,405,NFE,FALSE,FALSE,FALSE
2,176,Togetic,fairy,flying,55,40,85,80,105,40,405,NFE,FALSE,FALSE,FALSE
3,253,Grovyle,grass,,50,65,45,85,65,95,405,NFE,FALSE,FALSE,FALSE
3,256,Combusken,fire,fighting,60,85,60,85,60,55,405,NFE,FALSE,FALSE,FALSE
3,259,Marshtomp,water,ground,70,85,70,60,70,50,405,NFE,FALSE,FALSE,FALSE
4,388,Grotle,grass,,75,89,85,55,65,36,405,NFE,FALSE,FALSE,FALSE
4,391,Monferno,fire,fighting,64,78,52,78,52,81,405,NFE,FALSE,FALSE,FALSE
4,394,Prinplup,water,,64,66,68,81,76,50,405,NFE,FALSE,FALSE,FALSE
5,603,Eelektrik,electric,,65,85,70,75,70,40,405,NFE,FALSE,FALSE,FALSE
6,651,Quilladin,grass,,61,78,95,56,58,57,405,NFE,FALSE,FALSE,FALSE
6,657,Frogadier,water,,54,63,52,83,56,97,405,NFE,FALSE,FALSE,FALSE
1,93,Haunter,ghost,poison,45,50,45,115,55,95,405,PU,FALSE,FALSE,FALSE
5,533,Gurdurr,fighting,,85,105,85,40,50,40,405,PU,FALSE,FALSE,FALSE
1,47,Parasect,bug,grass,60,95,80,60,80,30,405,Untiered,FALSE,FALSE,FALSE
2,202,Wobbuffet,psychic,,190,33,58,33,58,33,405,Untiered,FALSE,FALSE,FALSE
3,311,Plusle,electric,,60,50,40,85,75,95,405,Untiered,FALSE,FALSE,FALSE
3,312,Minun,electric,,60,40,50,75,85,95,405,Untiered,FALSE,FALSE,FALSE
4,417,Pachirisu,electric,,60,45,70,45,90,95,405,Untiered,FALSE,FALSE,FALSE
7,756,Shiinotic,grass,fairy,60,45,80,90,100,30,405,Untiered,FALSE,FALSE,FALSE
6,654,Braixen,fire,,59,59,58,90,70,73,409,NFE,FALSE,FALSE,FALSE
1,77,Ponyta,fire,,50,85,55,65,65,90,410,LC,FALSE,FALSE,FALSE
2,247,Pupitar,rock,ground,70,84,70,65,70,51,410,NFE,FALSE,FALSE,FALSE
3,364,Sealeo,ice,water,90,60,70,75,70,45,410,NFE,FALSE,FALSE,FALSE
4,444,Gabite,dragon,ground,68,90,65,50,55,82,410,NFE,FALSE,FALSE,FALSE
5,611,Fraxure,dragon,,66,117,70,40,50,67,410,NFE,FALSE,FALSE,FALSE
3,308,Medicham,fighting,psychic,60,60,75,60,75,80,410,NU,FALSE,FALSE,FALSE
2,185,Sudowoodo,rock,,70,100,115,30,65,30,410,Untiered,FALSE,FALSE,FALSE
2,222,Corsola,water,rock,65,55,95,65,95,35,410,Untiered,FALSE,FALSE,FALSE
4,400,Bibarel,normal,water,79,85,60,55,60,71,410,Untiered,FALSE,FALSE,FALSE
7,771,Pyukumuku,water,,55,60,130,30,130,5,410,Untiered,FALSE,FALSE,FALSE
6,666,Vivillon,bug,flying,80,52,50,90,50,89,411,NU,FALSE,FALSE,FALSE
4,441,Chatot,normal,flying,76,65,45,92,42,91,411,Untiered,FALSE,FALSE,FALSE
5,496,Servine,grass,,60,60,75,60,75,83,413,NFE,FALSE,FALSE,FALSE
5,502,Dewott,water,,75,75,60,83,60,60,413,NFE,FALSE,FALSE,FALSE
7,20,Raticate- Alolan,normal,dark,75,71,70,40,80,77,413,Untiered,FALSE,FALSE,FALSE
1,20,Raticate,normal,,75,81,60,50,70,97,413,Untiered,FALSE,TRUE,FALSE
2,162,Furret,normal,,85,76,64,45,55,90,415,Untiered,FALSE,FALSE,FALSE
2,206,Dunsparce,normal,,100,70,70,65,65,45,415,Untiered,FALSE,FALSE,FALSE
5,499,Pignite,fire,fighting,90,93,55,70,55,55,418,NFE,FALSE,FALSE,FALSE
7,735,Gumshoos,normal,,88,110,60,55,60,45,418,Untiered,FALSE,FALSE,FALSE
1,148,Dragonair,dragon,,61,84,65,70,70,70,420,NFE,FALSE,FALSE,FALSE
3,372,Shelgon,dragon,,65,95,100,60,50,50,420,NFE,FALSE,FALSE,FALSE
3,375,Metang,steel,psychic,60,75,100,55,80,50,420,NFE,FALSE,FALSE,FALSE
5,634,Zweilous,dark,dragon,72,85,70,65,70,58,420,NFE,FALSE,FALSE,FALSE
7,723,Dartrix,grass,flying,78,75,75,70,70,52,420,NFE,FALSE,FALSE,FALSE
7,726,Torracat,fire,,65,85,50,80,50,90,420,NFE,FALSE,FALSE,FALSE
7,729,Brionne,water,,60,69,69,91,81,50,420,NFE,FALSE,FALSE,FALSE
7,783,Hakamo-o,dragon,fighting,55,75,90,65,70,65,420,NFE,FALSE,FALSE,FALSE
7,803,Poipole,poison,,67,73,67,73,67,73,420,NFE,TRUE,FALSE,FALSE
2,184,Azumarill,water,fairy,100,50,80,60,80,50,420,OU,FALSE,FALSE,FALSE
3,262,Mightyena,dark,,70,90,70,60,60,70,420,Untiered,FALSE,FALSE,FALSE
3,351,Castform,normal,,70,70,70,70,70,70,420,Untiered,FALSE,TRUE,FALSE
3,351,Castform - Sunny,fire,,70,70,70,70,70,70,420,Untiered,FALSE,FALSE,FALSE
3,351,Castform - Rainy,water,,70,70,70,70,70,70,420,Untiered,FALSE,FALSE,FALSE
3,351,Castform - Snowy,ice,,70,70,70,70,70,70,420,Untiered,FALSE,FALSE,FALSE
5,505,Watchog,normal,,60,85,69,60,69,77,420,Untiered,FALSE,FALSE,FALSE
3,264,Linoone,normal,,78,70,61,50,61,100,420,UU,FALSE,FALSE,FALSE
6,660,Diggersby,normal,ground,85,56,77,50,77,78,423,OU,FALSE,FALSE,FALSE
4,413,Wormadam Plant,bug,grass,60,69,95,69,95,36,424,Untiered,FALSE,TRUE,FALSE
4,413,Wormadam Sandy,bug,ground,60,79,105,59,85,36,424,Untiered,FALSE,FALSE,FALSE
4,413,Wormadam Trash,bug,steel,60,79,95,69,95,36,424,Untiered,FALSE,FALSE,FALSE
4,414,Mothim,bug,flying,70,94,50,94,50,66,424,Untiered,FALSE,FALSE,FALSE
7,51,Dugtrio- Alolan,ground,steel,35,100,60,50,70,110,425,PU,FALSE,FALSE,FALSE
7,105,Marowak- Alolan,fire,ghost,60,80,110,50,80,45,425,RU,FALSE,FALSE,FALSE
1,51,Dugtrio,ground,,35,100,50,50,70,120,425,Untiered,FALSE,TRUE,FALSE
1,105,Marowak,ground,,60,80,110,50,80,45,425,Untiered,FALSE,TRUE,FALSE
2,192,Sunflora,grass,,75,75,55,105,85,30,425,Untiered,FALSE,FALSE,FALSE
5,528,Swoobat,psychic,flying,67,57,55,77,55,114,425,Untiered,FALSE,FALSE,FALSE
5,587,Emolga,electric,flying,55,75,60,75,60,103,428,Untiered,FALSE,FALSE,FALSE
3,305,Lairon,steel,rock,60,90,140,50,50,40,430,NFE,FALSE,FALSE,FALSE
2,215,Sneasel,dark,ice,55,95,55,35,75,115,430,NU,FALSE,FALSE,FALSE
2,219,Magcargo,fire,rock,60,50,120,90,80,30,430,Untiered,FALSE,FALSE,FALSE
3,313,Volbeat,bug,,65,73,75,47,85,85,430,Untiered,FALSE,FALSE,FALSE
3,314,Illumise,bug,,65,47,75,73,85,85,430,Untiered,FALSE,FALSE,FALSE
2,195,Quagsire,water,ground,95,85,85,65,65,35,430,UU,FALSE,FALSE,FALSE
2,207,Gligar,ground,flying,65,75,105,35,65,85,430,UU,FALSE,FALSE,FALSE
6,702,Dedenne,electric,fairy,67,58,57,81,67,101,431,Untiered,FALSE,FALSE,FALSE
2,200,Misdreavus,ghost,,60,60,60,85,85,85,435,LC Uber,FALSE,FALSE,FALSE
7,777,Togedemaru,electric,steel,65,98,63,40,73,96,435,NU,FALSE,FALSE,FALSE
1,114,Tangela,grass,,65,55,115,100,40,60,435,PU,FALSE,FALSE,FALSE
1,40,Wigglytuff,normal,fairy,140,70,45,85,50,45,435,Untiered,FALSE,FALSE,FALSE
1,117,Seadra,water,,55,65,95,95,45,85,440,NFE,FALSE,FALSE,FALSE
3,288,Vigoroth,normal,,80,80,80,55,55,90,440,NFE,FALSE,FALSE,FALSE
5,600,Klang,steel,,60,80,95,70,85,50,440,NFE,FALSE,FALSE,FALSE
4,479,Rotom,electric,ghost,50,50,77,95,77,91,440,NU,FALSE,TRUE,FALSE
7,774,Minior Meteor,rock,flying,60,60,100,60,100,60,440,NU,FALSE,FALSE,FALSE
3,279,Pelipper,water,flying,60,50,100,95,70,65,440,OU,FALSE,FALSE,FALSE
7,53,Persian- Alolan,dark,,65,60,60,75,65,115,440,PU,FALSE,FALSE,FALSE
2,211,Qwilfish,water,poison,65,95,85,55,55,85,440,PU,FALSE,FALSE,FALSE
1,53,Persian,normal,,65,70,60,65,65,115,440,Untiered,FALSE,TRUE,FALSE
3,352,Kecleon,normal,,60,90,70,60,120,40,440,Untiered,FALSE,FALSE,FALSE
1,22,Fearow,normal,flying,65,90,65,61,61,100,442,Untiered,FALSE,FALSE,FALSE
5,531,Audino,normal,,103,60,86,60,86,50,445,PU,FALSE,FALSE,FALSE
5,510,Liepard,dark,,64,88,50,88,50,106,446,PU,FALSE,FALSE,FALSE
1,24,Arbok,poison,,60,95,69,65,79,80,448,Untiered,FALSE,FALSE,FALSE
6,680,Doublade,steel,ghost,59,110,150,45,49,35,448,UU,FALSE,FALSE,FALSE
2,221,Piloswine,ice,ground,100,100,80,60,60,50,450,NU,FALSE,FALSE,FALSE
1,113,Chansey,normal,,250,5,5,35,105,50,450,OU,FALSE,FALSE,FALSE
7,28,Sandslash- Alolan,ice,steel,75,100,120,25,65,65,450,PU,FALSE,FALSE,FALSE
1,28,Sandslash,ground,,75,100,110,45,55,65,450,Untiered,FALSE,TRUE,FALSE
1,119,Seaking,water,,80,92,65,65,80,68,450,Untiered,FALSE,FALSE,FALSE
2,210,Granbull,fairy,,90,120,75,60,60,45,450,Untiered,FALSE,FALSE,FALSE
4,421,Cherrim,grass,,70,60,70,87,78,85,450,Untiered,FALSE,FALSE,FALSE
1,49,Venomoth,bug,poison,70,65,60,90,75,90,450,UU,FALSE,FALSE,FALSE
6,705,Sliggoo,dragon,,68,75,53,83,113,60,452,NFE,FALSE,FALSE,FALSE
2,164,Noctowl,normal,flying,100,50,50,86,96,70,452,Untiered,FALSE,FALSE,FALSE
4,432,Purugly,normal,,71,82,64,64,59,112,452,Untiered,FALSE,FALSE,FALSE
7,752,Araquanid,water,bug,68,70,92,50,132,42,454,RU,FALSE,FALSE,FALSE
3,284,Masquerain,bug,flying,70,60,62,100,82,80,454,Untiered,FALSE,FALSE,FALSE
4,455,Carnivine,grass,,74,100,72,90,72,46,454,Untiered,FALSE,FALSE,FALSE
3,356,Dusclops,ghost,,40,70,130,60,130,25,455,NFE,FALSE,FALSE,FALSE
1,42,Golbat,poison,flying,75,80,70,65,75,90,455,NU,FALSE,FALSE,FALSE
1,106,Hitmonlee,fighting,,50,120,53,35,110,87,455,NU,FALSE,FALSE,FALSE
2,237,Hitmontop,fighting,,50,95,95,35,110,70,455,NU,FALSE,FALSE,FALSE
1,57,Primeape,fighting,,65,105,60,60,70,95,455,PU,FALSE,FALSE,FALSE
1,107,Hitmonchan,fighting,,50,105,79,35,110,76,455,PU,FALSE,FALSE,FALSE
3,277,Swellow,normal,flying,60,85,60,75,50,125,455,RU,FALSE,FALSE,FALSE
1,124,Jynx,ice,psychic,65,50,35,115,95,95,455,Untiered,FALSE,FALSE,FALSE
2,203,Girafarig,normal,psychic,70,80,65,90,65,85,455,Untiered,FALSE,FALSE,FALSE
3,354,Banette,ghost,,64,115,65,83,63,65,455,Untiered,FALSE,FALSE,FALSE
3,358,Chimecho,psychic,,75,50,80,95,90,65,455,Untiered,FALSE,FALSE,FALSE
3,291,Ninjask,bug,flying,61,90,45,50,50,160,456,Untiered,FALSE,FALSE,FALSE
3,335,Zangoose,normal,,73,115,60,60,60,90,458,PU,FALSE,FALSE,FALSE
3,336,Seviper,poison,,73,100,60,100,60,65,458,Untiered,FALSE,FALSE,FALSE
3,286,Breloom,grass,fighting,60,130,80,60,60,70,460,OU,FALSE,FALSE,FALSE
2,171,Lanturn,water,electric,125,58,58,76,76,67,460,PU,FALSE,FALSE,FALSE
1,122,Mr. Mime,psychic,fairy,40,45,65,100,120,90,460,Untiered,FALSE,FALSE,FALSE
2,189,Jumpluff,grass,flying,75,55,70,55,95,110,460,Untiered,FALSE,FALSE,FALSE
3,323,Camerupt,fire,ground,70,100,70,105,75,40,460,Untiered,FALSE,FALSE,FALSE
3,337,Lunatone,rock,psychic,90,55,65,95,85,70,460,Untiered,FALSE,FALSE,FALSE
3,338,Solrock,rock,psychic,90,95,85,55,65,70,460,Untiered,FALSE,FALSE,FALSE
3,357,Tropius,grass,flying,99,68,83,72,87,51,460,Untiered,FALSE,FALSE,FALSE
4,457,Lumineon,water,,69,69,76,69,86,91,460,Untiered,FALSE,FALSE,FALSE
5,550,Basculin,water,,70,92,65,80,55,98,460,Untiered,FALSE,FALSE,FALSE
3,319,Sharpedo,water,dark,70,120,40,95,40,95,460,UU,FALSE,FALSE,FALSE
5,556,Maractus,grass,,75,86,67,106,67,60,461,Untiered,FALSE,FALSE,FALSE
6,683,Aromatisse,fairy,,101,72,72,99,89,29,462,NU,FALSE,FALSE,FALSE
7,743,Ribombee,bug,fairy,60,55,60,95,70,124,464,RU,FALSE,FALSE,FALSE
5,591,Amoonguss,grass,poison,114,85,70,85,80,30,464,UU,FALSE,FALSE,FALSE
5,539,Sawk,fighting,,75,125,75,30,75,85,465,NU,FALSE,FALSE,FALSE
2,227,Skarmory,steel,flying,65,80,140,40,70,70,465,OU,FALSE,FALSE,FALSE
3,359,Absol,dark,,65,130,60,75,60,75,465,PU,FALSE,FALSE,FALSE
2,205,Forretress,bug,steel,75,90,140,60,60,40,465,RU,FALSE,FALSE,FALSE
2,234,Stantler,normal,,73,95,62,85,65,85,465,Untiered,FALSE,FALSE,FALSE
5,538,Throh,fighting,,120,100,85,30,85,45,465,Untiered,FALSE,FALSE,FALSE
1,82,Magneton,electric,steel,50,60,95,120,70,70,465,UU,FALSE,FALSE,FALSE
6,678,Meowstic,psychic,,74,48,76,83,81,104,466,Untiered,FALSE,FALSE,FALSE
3,317,Swalot,poison,,100,73,83,73,83,55,467,Untiered,FALSE,FALSE,FALSE
3,340,Whiscash,water,ground,110,78,73,76,71,60,468,Untiered,FALSE,FALSE,FALSE
3,342,Crawdaunt,water,dark,63,120,85,90,55,55,468,UU,FALSE,FALSE,FALSE
2,178,Xatu,psychic,flying,65,75,70,95,70,95,470,NU,FALSE,FALSE,FALSE
5,573,Cinccino,normal,,75,95,60,65,60,115,470,NU,FALSE,FALSE,FALSE
1,85,Dodrio,normal,flying,60,110,70,60,60,110,470,PU,FALSE,FALSE,FALSE
3,324,Torkoal,fire,,70,85,140,85,70,20,470,Untiered,FALSE,FALSE,FALSE
3,326,Grumpig,psychic,,80,45,65,90,110,80,470,Untiered,FALSE,FALSE,FALSE
5,594,Alomomola,water,,165,75,80,40,45,65,470,UU,FALSE,FALSE,FALSE
6,707,Klefki,steel,fairy,57,80,91,80,87,75,470,UU,FALSE,FALSE,FALSE
5,618,Stunfisk,ground,electric,109,66,84,81,99,32,471,Untiered,FALSE,FALSE,FALSE
5,596,Galvantula,bug,electric,70,77,60,97,60,108,472,RU,FALSE,FALSE,FALSE
6,676,Furfrou,normal,,75,80,60,65,90,102,472,Untiered,FALSE,FALSE,FALSE
5,581,Swanna,water,flying,75,87,63,87,63,98,473,Untiered,FALSE,FALSE,FALSE
3,297,Hariyama,fighting,,144,120,60,40,60,50,474,NU,FALSE,FALSE,FALSE
5,569,Garbodor,poison,,80,95,82,60,82,75,474,NU,FALSE,FALSE,FALSE
4,416,Vespiquen,bug,flying,70,80,102,80,102,40,474,Untiered,FALSE,FALSE,FALSE
6,709,Trevenant,ghost,grass,85,110,76,65,82,56,474,Untiered,FALSE,FALSE,FALSE
1,99,Kingler,water,,55,130,115,50,50,75,475,NU,FALSE,FALSE,FALSE
3,310,Manectric,electric,,70,75,60,105,60,105,475,PU,FALSE,FALSE,FALSE
4,423,Gastrodon,water,ground,111,83,68,92,82,39,475,PU,FALSE,FALSE,FALSE
7,779,Bruxish,water,psychic,68,105,70,70,70,92,475,RU,FALSE,FALSE,FALSE
1,87,Dewgong,water,ice,90,70,80,70,95,70,475,Untiered,FALSE,FALSE,FALSE
3,332,Cacturne,grass,dark,70,115,60,115,60,55,475,Untiered,FALSE,FALSE,FALSE
5,586,Sawsbuck,normal,grass,80,100,70,60,70,95,475,Untiered,FALSE,FALSE,FALSE
7,741,Oricorio-Pom-Pom,electric,flying,75,70,70,98,70,93,476,PU,FALSE,FALSE,FALSE
7,741,Oricorio-Sensu,ghost,flying,75,70,70,98,70,93,476,PU,FALSE,FALSE,FALSE
7,741,Oricorio - Baile,fire,flying,75,70,70,98,70,93,476,Untiered,FALSE,TRUE,FALSE
7,741,Oricorio-Pa’u,psychic,flying,75,70,70,98,70,93,476,Untiered,FALSE,FALSE,FALSE
7,778,Mimikyu,ghost,fairy,55,90,80,50,105,96,476,UU,FALSE,FALSE,FALSE
7,740,Crabominable,fighting,ice,97,132,77,62,67,43,478,Untiered,FALSE,FALSE,FALSE
4,435,Skuntank,poison,dark,103,93,67,71,61,84,479,PU,FALSE,FALSE,FALSE
1,18,Pidgeot,normal,flying,83,80,75,70,70,101,479,Untiered,FALSE,FALSE,FALSE
5,547,Whimsicott,grass,fairy,60,67,85,77,75,116,480,NU,FALSE,FALSE,FALSE
5,549,Lilligant,grass,,70,60,75,110,75,90,480,NU,FALSE,FALSE,FALSE
7,770,Palossand,ghost,ground,85,75,110,100,75,35,480,NU,FALSE,FALSE,FALSE
3,302,Sableye- Mega,dark,ghost,50,85,125,85,115,20,480,OU,FALSE,FALSE,TRUE
3,303,Mawile- Mega,steel,fairy,50,105,125,55,95,50,480,OU,FALSE,FALSE,TRUE
3,272,Ludicolo,water,grass,80,70,70,90,100,70,480,PU,FALSE,FALSE,FALSE
5,593,Jellicent,water,ghost,100,60,70,85,105,60,480,PU,FALSE,FALSE,FALSE
7,754,Lurantis,grass,,70,105,90,80,90,45,480,PU,FALSE,FALSE,FALSE
6,685,Slurpuff,fairy,,82,80,86,85,75,72,480,RU,FALSE,FALSE,FALSE
7,758,Salazzle,poison,fire,68,64,60,111,60,117,480,RU,FALSE,FALSE,FALSE
2,224,Octillery,water,,75,105,75,105,75,45,480,Untiered,FALSE,FALSE,FALSE
3,275,Shiftry,grass,dark,90,100,60,90,60,80,480,Untiered,FALSE,FALSE,FALSE
3,362,Glalie,ice,,80,80,80,80,80,80,480,Untiered,FALSE,FALSE,FALSE
4,428,Lopunny,normal,,65,76,84,54,96,105,480,Untiered,FALSE,FALSE,FALSE
4,489,Phione,water,,80,80,80,80,80,80,480,Untiered,FALSE,FALSE,FALSE
7,775,Komala,normal,,65,115,65,75,95,65,480,Untiered,FALSE,FALSE,FALSE
4,478,Froslass,ice,ghost,70,80,70,80,70,110,480,UU,FALSE,FALSE,FALSE
5,555,Darmanitan,fire,,105,140,55,30,55,95,480,UU,FALSE,TRUE,FALSE
6,695,Heliolisk,electric,normal,62,55,52,109,94,109,481,NU,FALSE,FALSE,FALSE
4,424,Ambipom,normal,,75,100,66,60,66,115,482,NU,FALSE,FALSE,FALSE
6,687,Malamar,dark,psychic,86,92,88,68,75,73,482,NU,FALSE,FALSE,FALSE
1,36,Clefable,fairy,,95,70,73,95,90,60,483,OU,FALSE,FALSE,FALSE
5,623,Golurk,ground,ghost,89,124,80,55,80,55,483,PU,FALSE,FALSE,FALSE
5,563,Cofagrigus,ghost,,58,50,145,95,105,30,483,RU,FALSE,FALSE,FALSE
1,97,Hypno,psychic,,85,73,70,73,115,67,483,Untiered,FALSE,FALSE,FALSE
5,631,Heatmor,fire,,85,97,66,105,66,65,484,Untiered,FALSE,FALSE,FALSE
5,632,Durant,bug,steel,58,109,112,48,48,109,484,UU,FALSE,FALSE,FALSE
1,112,Rhydon,ground,rock,105,130,120,45,45,40,485,NU,FALSE,FALSE,FALSE
5,621,Druddigon,dragon,,77,120,90,60,90,48,485,NU,FALSE,FALSE,FALSE
7,764,Comfey,fairy,,51,52,90,82,110,100,485,NU,FALSE,FALSE,FALSE
4,398,Staraptor,normal,flying,85,120,70,50,60,100,485,OU,FALSE,FALSE,FALSE
5,545,Scolipede,bug,poison,60,100,89,55,69,112,485,OU,FALSE,FALSE,FALSE
7,26,Raichu- Alolan,electric,psychic,60,85,50,95,85,110,485,PU,FALSE,FALSE,FALSE
4,442,Spiritomb,ghost,dark,50,92,108,92,108,35,485,PU,FALSE,FALSE,FALSE
7,780,Drampa,normal,dragon,78,60,85,135,91,36,485,PU,FALSE,FALSE,FALSE
2,226,Mantine,water,flying,85,40,70,80,140,70,485,RU,FALSE,FALSE,FALSE
1,26,Raichu,electric,,60,90,55,90,80,110,485,Untiered,FALSE,TRUE,FALSE
3,367,Huntail,water,,55,104,105,94,75,52,485,Untiered,FALSE,FALSE,FALSE
3,368,Gorebyss,water,,55,84,105,114,75,52,485,Untiered,FALSE,FALSE,FALSE
3,369,Relicanth,water,rock,100,90,130,45,65,55,485,Untiered,FALSE,FALSE,FALSE
5,558,Crustle,bug,rock,70,105,125,65,75,45,485,Untiered,FALSE,FALSE,FALSE
5,606,Beheeyem,psychic,,75,75,75,125,95,40,485,Untiered,FALSE,FALSE,FALSE
7,733,Toucannon,normal,flying,80,120,75,75,75,60,485,Untiered,FALSE,FALSE,FALSE
7,776,Turtonator,fire,dragon,60,78,135,91,85,36,485,Untiered,FALSE,FALSE,FALSE
6,718,Zygarde 10%,dragon,ground,54,100,71,61,85,115,486,RU,TRUE,FALSE,FALSE
5,518,Musharna,psychic,,116,55,85,107,95,29,487,PU,FALSE,FALSE,FALSE
7,745,Lycanroc Midday,rock,,85,115,65,55,65,112,487,PU,FALSE,TRUE,FALSE
7,745,Lycanroc Dusk,rock,,85,117,65,55,65,110,487,RU,FALSE,FALSE,FALSE
7,745,Lycanroc Midnight,rock,,85,115,75,55,75,82,487,Untiered,FALSE,FALSE,FALSE
5,560,Scrafty,dark,fighting,65,90,115,45,115,58,488,NU,FALSE,FALSE,FALSE
5,521,Unfezant,normal,flying,80,115,80,65,55,93,488,Untiered,FALSE,FALSE,FALSE
5,598,Ferrothorn,grass,steel,74,94,131,54,116,20,489,OU,FALSE,FALSE,FALSE
1,125,Electabuzz,electric,,65,83,57,95,85,105,490,NFE,FALSE,FALSE,FALSE
1,110,Weezing,poison,,65,90,120,85,70,60,490,NU,FALSE,FALSE,FALSE
1,128,Tauros,normal,,75,100,95,40,70,110,490,NU,FALSE,FALSE,FALSE
2,199,Slowking,water,psychic,95,75,80,100,110,30,490,NU,FALSE,FALSE,FALSE
2,241,Miltank,normal,,95,80,105,40,70,100,490,NU,FALSE,FALSE,FALSE
5,561,Sigilyph,psychic,flying,72,58,80,103,80,97,490,NU,FALSE,FALSE,FALSE
7,766,Passimian,fighting,,100,120,90,40,60,80,490,NU,FALSE,FALSE,FALSE
1,71,Victreebel,grass,poison,80,105,65,100,70,70,490,PU,FALSE,FALSE,FALSE
1,115,Kangaskhan,normal,,105,95,80,40,80,90,490,PU,FALSE,FALSE,FALSE
1,45,Vileplume,grass,poison,75,80,85,110,90,50,490,RU,FALSE,FALSE,FALSE
1,80,Slowbro,water,psychic,95,75,110,100,80,30,490,RU,FALSE,FALSE,FALSE
3,295,Exploud,normal,,104,91,63,91,73,68,490,RU,FALSE,FALSE,FALSE
4,454,Toxicroak,poison,fighting,83,106,65,86,65,85,490,RU,FALSE,FALSE,FALSE
7,765,Oranguru,normal,psychic,90,60,80,90,110,60,490,Uber,FALSE,FALSE,FALSE
1,101,Electrode,electric,,60,50,70,80,80,150,490,Untiered,FALSE,FALSE,FALSE
2,182,Bellossom,grass,,75,80,95,90,100,50,490,Untiered,FALSE,FALSE,FALSE
3,334,Altaria,dragon,flying,75,70,90,70,105,80,490,Untiered,FALSE,FALSE,FALSE
5,576,Gothitelle,psychic,,70,55,95,95,110,65,490,Untiered,FALSE,FALSE,FALSE
5,626,Bouffalant,normal,,95,110,95,40,95,55,490,Untiered,FALSE,FALSE,FALSE
5,579,Reuniclus,psychic,,110,65,75,125,85,30,490,UU,FALSE,FALSE,FALSE
5,625,Bisharp,dark,steel,65,125,100,60,70,70,490,UU,FALSE,FALSE,FALSE
4,460,Abomasnow,grass,ice,90,92,75,92,85,60,494,PU,FALSE,FALSE,FALSE
6,691,Dragalge,poison,dragon,65,75,90,97,123,44,494,RU,FALSE,FALSE,FALSE
6,711,Gourgeist Average,ghost,grass,65,90,122,58,75,84,494,Untiered,FALSE,TRUE,FALSE
6,711,Gourgeist Large,ghost,grass,75,95,122,58,75,79,494,Untiered,FALSE,FALSE,FALSE
6,711,Gourgeist Small,ghost,grass,55,85,122,58,75,99,494,Untiered,FALSE,FALSE,FALSE
6,711,Gourgeist Super,ghost,grass,85,100,122,58,75,54,494,Untiered,FALSE,FALSE,FALSE
1,126,Magmar,fire,,65,95,57,100,85,93,495,NFE,FALSE,FALSE,FALSE
4,429,Mismagius,ghost,,60,60,60,105,105,105,495,NU,FALSE,FALSE,FALSE
5,617,Accelgor,bug,,80,70,40,100,60,145,495,NU,FALSE,FALSE,FALSE
6,675,Pangoro,fighting,dark,95,124,78,69,71,58,495,NU,FALSE,FALSE,FALSE
7,748,Toxapex,poison,water,50,63,152,53,142,35,495,OU,FALSE,FALSE,FALSE
1,139,Omastar,rock,water,70,60,125,115,70,55,495,PU,FALSE,FALSE,FALSE
1,141,Kabutops,rock,water,60,115,105,65,70,80,495,PU,FALSE,FALSE,FALSE
5,565,Carracosta,water,rock,74,108,133,83,65,32,495,PU,FALSE,FALSE,FALSE
5,589,Escavalier,bug,steel,70,135,105,60,105,20,495,RU,FALSE,FALSE,FALSE
7,76,Golem- Alolan,rock,electric,80,120,130,55,65,45,495,Untiered,FALSE,FALSE,FALSE
1,76,Golem,rock,ground,80,120,130,55,65,45,495,Untiered,FALSE,TRUE,FALSE
3,346,Cradily,rock,grass,86,81,97,81,107,43,495,Untiered,FALSE,FALSE,FALSE
3,348,Armaldo,rock,bug,75,125,100,70,80,45,495,Untiered,FALSE,FALSE,FALSE
4,409,Rampardos,rock,,97,165,60,65,50,58,495,Untiered,FALSE,FALSE,FALSE
4,411,Bastiodon,rock,steel,60,52,168,47,138,30,495,Untiered,FALSE,FALSE,FALSE
4,419,Floatzel,water,,85,105,55,85,50,115,495,Untiered,FALSE,FALSE,FALSE
1,15,Beedrill- Mega,bug,poison,65,150,40,15,80,145,495,UU,FALSE,FALSE,TRUE
5,523,Zebstrika,electric,,75,100,63,80,63,116,497,Untiered,FALSE,FALSE,FALSE
4,426,Drifblim,ghost,flying,150,80,44,90,54,80,498,Untiered,FALSE,FALSE,FALSE
5,512,Simisage,grass,,75,98,63,98,63,101,498,Untiered,FALSE,FALSE,FALSE
5,514,Simisear,fire,,75,98,63,98,63,101,498,Untiered,FALSE,FALSE,FALSE
5,516,Simipour,water,,75,98,63,98,63,101,498,Untiered,FALSE,FALSE,FALSE
6,663,Talonflame,fire,flying,78,81,71,74,69,126,499,UU,FALSE,FALSE,FALSE
2,229,Houndoom,dark,fire,75,90,50,110,80,96,500,NU,FALSE,FALSE,FALSE
6,693,Clawitzer,water,,71,73,88,120,89,59,500,NU,FALSE,FALSE,FALSE
7,738,Vikavolt,bug,electric,77,70,90,145,75,43,500,NU,FALSE,FALSE,FALSE
7,774,Minior Core,rock,flying,60,100,60,100,60,120,500,NU,FALSE,TRUE,FALSE
1,65,Alakazam,psychic,,55,50,45,135,95,120,500,OU,FALSE,FALSE,FALSE
6,701,Hawlucha,fighting,flying,78,92,75,74,63,118,500,OU,FALSE,FALSE,FALSE
1,123,Scyther,bug,flying,70,110,80,55,80,105,500,PU,FALSE,FALSE,FALSE
3,344,Claydol,ground,psychic,60,70,105,70,120,75,500,PU,FALSE,FALSE,FALSE
5,508,Stoutland,normal,,85,110,90,45,90,80,500,PU,FALSE,FALSE,FALSE
7,750,Mudsdale,ground,,100,125,100,55,85,35,500,PU,FALSE,FALSE,FALSE
2,232,Donphan,ground,,90,120,120,60,60,50,500,RU,FALSE,FALSE,FALSE
4,437,Bronzong,steel,psychic,67,89,116,79,116,33,500,RU,FALSE,FALSE,FALSE
4,452,Drapion,poison,dark,70,90,110,60,75,95,500,RU,FALSE,FALSE,FALSE
6,689,Barbaracle,rock,water,72,105,115,54,86,68,500,RU,FALSE,FALSE,FALSE
7,760,Bewear,normal,fighting,120,125,80,55,60,60,500,RU,FALSE,FALSE,FALSE
1,55,Golduck,water,,80,82,78,95,80,85,500,Untiered,FALSE,FALSE,FALSE
1,78,Rapidash,fire,,65,100,70,80,80,105,500,Untiered,FALSE,FALSE,FALSE
1,89,Muk,poison,,105,105,75,65,100,50,500,Untiered,FALSE,TRUE,FALSE
1,127,Pinsir,bug,,65,125,100,55,70,85,500,Untiered,FALSE,FALSE,FALSE
2,186,Politoed,water,,90,75,75,90,100,70,500,Untiered,FALSE,FALSE,FALSE
2,217,Ursaring,normal,,90,130,75,75,75,55,500,Untiered,FALSE,FALSE,FALSE
3,321,Wailord,water,,170,90,45,90,45,60,500,Untiered,FALSE,FALSE,FALSE
5,542,Leavanny,bug,grass,75,103,80,70,80,92,500,Untiered,FALSE,FALSE,FALSE
6,703,Carbink,rock,fairy,50,50,150,50,150,50,500,Untiered,FALSE,FALSE,FALSE
7,89,Muk- Alolan,poison,dark,105,105,75,65,100,50,500,UU,FALSE,FALSE,FALSE
1,94,Gengar,ghost,poison,60,65,60,130,75,110,500,UU,FALSE,FALSE,FALSE
2,212,Scizor,bug,steel,70,130,100,55,85,65,500,UU,FALSE,FALSE,FALSE
2,214,Heracross,bug,fighting,80,125,75,40,95,85,500,UU,FALSE,FALSE,FALSE
7,38,Ninetales- Alolan,ice,fairy,73,67,75,81,100,109,505,OU,FALSE,FALSE,FALSE
5,534,Conkeldurr,fighting,,105,140,95,55,65,45,505,OU,FALSE,FALSE,FALSE
1,31,Nidoqueen,poison,ground,90,92,87,75,85,76,505,RU,FALSE,FALSE,FALSE
1,38,Ninetales,fire,,73,76,75,81,100,100,505,RU,FALSE,TRUE,FALSE
1,68,Machamp,fighting,,90,130,80,65,85,55,505,RU,FALSE,FALSE,FALSE
4,430,Honchkrow,dark,flying,100,125,52,105,52,71,505,RU,FALSE,FALSE,FALSE
2,213,Shuckle,bug,rock,20,10,230,10,230,5,505,Untiered,FALSE,FALSE,FALSE
5,614,Beartic,ice,,95,130,80,70,80,50,505,Untiered,FALSE,FALSE,FALSE
1,34,Nidoking,poison,ground,81,102,77,85,75,85,505,UU,FALSE,FALSE,FALSE
6,668,Pyroar,fire,normal,86,68,72,109,66,106,507,NU,FALSE,FALSE,FALSE
5,530,Excadrill,ground,steel,110,135,60,50,65,88,508,OU,FALSE,FALSE,FALSE
5,537,Seismitoad,water,ground,105,95,75,85,75,74,509,NU,FALSE,FALSE,FALSE
2,208,Steelix,steel,ground,75,85,200,55,65,30,510,NU,FALSE,FALSE,FALSE
5,628,Braviary,normal,flying,100,123,75,57,75,80,510,NU,FALSE,FALSE,FALSE
4,461,Weavile,dark,ice,70,120,65,45,85,125,510,OU,FALSE,FALSE,FALSE
4,472,Gliscor,ground,flying,75,95,125,45,75,95,510,OU,FALSE,FALSE,FALSE
3,308,Medicham- Mega,fighting,psychic,60,100,85,80,85,100,510,OU,FALSE,FALSE,TRUE
5,630,Mandibuzz,dark,flying,110,65,105,55,95,80,510,RU,FALSE,FALSE,FALSE
7,763,Tsareena,grass,,72,120,98,50,98,72,510,RU,FALSE,FALSE,FALSE
1,62,Poliwrath,water,fighting,90,95,95,70,90,70,510,Untiered,FALSE,FALSE,FALSE
2,181,Ampharos,electric,,90,75,85,115,90,55,510,Untiered,FALSE,FALSE,FALSE
5,571,Zoroark,dark,,60,105,60,120,60,105,510,UU,FALSE,FALSE,FALSE
5,620,Mienshao,fighting,,65,125,60,95,60,105,510,UU,FALSE,FALSE,FALSE
6,713,Avalugg,ice,,95,117,184,44,46,28,514,Untiered,FALSE,FALSE,FALSE
1,142,Aerodactyl,rock,flying,80,105,65,60,75,130,515,NU,FALSE,FALSE,FALSE
5,604,Eelektross,electric,,85,115,80,105,80,50,515,PU,FALSE,FALSE,FALSE
5,615,Cryogonal,ice,,80,50,50,95,135,105,515,PU,FALSE,FALSE,FALSE
2,233,Porygon2,normal,,85,80,90,105,95,60,515,RU,FALSE,FALSE,FALSE
4,407,Roserade,grass,poison,60,70,65,125,105,90,515,RU,FALSE,FALSE,FALSE
4,469,Yanmega,bug,flying,86,76,86,116,56,95,515,RU,FALSE,FALSE,FALSE
5,526,Gigalith,rock,,85,135,130,60,80,25,515,RU,FALSE,FALSE,FALSE
4,463,Lickilicky,normal,,110,85,95,80,95,50,515,Untiered,FALSE,FALSE,FALSE
1,73,Tentacruel,water,poison,80,70,65,80,120,100,515,UU,FALSE,FALSE,FALSE
7,781,Dhelmise,ghost,grass,70,131,100,86,90,40,517,NU,FALSE,FALSE,FALSE
4,475,Gallade,psychic,fighting,68,125,65,65,115,80,518,NU,FALSE,FALSE,FALSE
3,282,Gardevoir,psychic,fairy,68,65,65,126,115,80,518,RU,FALSE,FALSE,FALSE
5,553,Krookodile,ground,dark,95,117,80,65,70,92,519,UU,FALSE,FALSE,FALSE
5,601,Klinklang,steel,,60,100,115,70,85,90,520,NU,FALSE,FALSE,FALSE
4,479,Rotom Wash,electric,water,50,65,107,105,107,86,520,OU,FALSE,FALSE,FALSE
4,479,Rotom Frost,electric,ice,50,65,107,105,107,86,520,PU,FALSE,FALSE,FALSE
3,330,Flygon,ground,dragon,80,100,80,80,80,100,520,RU,FALSE,FALSE,FALSE
4,479,Rotom Mow,electric,grass,50,65,107,105,107,86,520,RU,FALSE,FALSE,FALSE
6,681,Aegislash Shield,steel,ghost,60,50,150,50,150,60,520,Uber,FALSE,TRUE,FALSE
6,681,Aegislash Sword,steel,ghost,60,150,50,150,50,60,520,Uber,FALSE,FALSE,FALSE
4,479,Rotom Fan,electric,flying,50,65,107,105,107,86,520,Untiered,FALSE,FALSE,FALSE
1,121,Starmie,water,psychic,60,75,85,100,85,115,520,UU,FALSE,FALSE,FALSE
4,479,Rotom Heat,electric,fire,50,65,107,105,107,86,520,UU,FALSE,FALSE,FALSE
5,609,Chandelure,ghost,fire,60,55,90,145,90,80,520,UU,FALSE,FALSE,FALSE
6,699,Aurorus,rock,ice,123,77,72,99,92,58,521,PU,FALSE,FALSE,FALSE
6,697,Tyrantrum,rock,dragon,82,121,119,69,59,71,521,RU,FALSE,FALSE,FALSE
4,405,Luxray,electric,,80,120,79,95,79,70,523,Untiered,FALSE,FALSE,FALSE
1,134,Vaporeon,water,,130,65,60,110,95,65,525,NU,FALSE,FALSE,FALSE
1,3,Venusaur,grass,poison,80,82,83,100,100,80,525,RU,FALSE,FALSE,FALSE
1,91,Cloyster,water,ice,50,95,180,85,45,70,525,RU,FALSE,FALSE,FALSE
1,135,Jolteon,electric,,65,65,60,110,95,130,525,RU,FALSE,FALSE,FALSE
2,196,Espeon,psychic,,65,65,60,130,95,110,525,RU,FALSE,FALSE,FALSE
2,197,Umbreon,dark,,95,65,110,60,130,65,525,RU,FALSE,FALSE,FALSE
1,136,Flareon,fire,,65,130,60,95,110,65,525,Untiered,FALSE,FALSE,FALSE
2,154,Meganium,grass,,80,82,100,83,100,80,525,Untiered,FALSE,FALSE,FALSE
4,389,Torterra,grass,ground,95,109,105,75,85,56,525,Untiered,FALSE,FALSE,FALSE
4,470,Leafeon,grass,,65,110,130,60,65,95,525,Untiered,FALSE,FALSE,FALSE
4,471,Glaceon,ice,,65,60,110,130,95,65,525,Untiered,FALSE,FALSE,FALSE
4,476,Probopass,rock,steel,60,55,145,75,150,40,525,Untiered,FALSE,FALSE,FALSE
4,477,Dusknoir,ghost,,45,100,135,65,135,45,525,Untiered,FALSE,FALSE,FALSE
4,448,Lucario,fighting,steel,70,110,70,115,70,90,525,UU,FALSE,FALSE,FALSE
4,450,Hippowdon,ground,,108,112,118,68,72,47,525,UU,FALSE,FALSE,FALSE
6,700,Sylveon,fairy,,95,65,65,110,130,60,525,UU,FALSE,FALSE,FALSE
5,503,Samurott,water,,95,100,85,108,70,70,528,NU,FALSE,FALSE,FALSE
5,497,Serperior,grass,,75,75,95,75,95,113,528,OU,FALSE,FALSE,FALSE
5,500,Emboar,fire,fighting,110,123,65,100,65,65,528,RU,FALSE,FALSE,FALSE
1,9,Blastoise,water,,79,83,100,85,105,78,530,NU,FALSE,FALSE,FALSE
7,103,Exeggutor- Alolan,grass,dragon,95,105,85,125,75,45,530,NU,FALSE,FALSE,FALSE
3,254,Sceptile,grass,,70,85,65,105,85,120,530,NU,FALSE,FALSE,FALSE
7,724,Decidueye,grass,ghost,78,107,75,100,100,70,530,NU,FALSE,FALSE,FALSE
7,727,Incineroar,fire,dark,95,115,90,80,90,60,530,NU,FALSE,FALSE,FALSE
6,658,Greninja,water,dark,72,95,67,103,71,122,530,OU,FALSE,FALSE,FALSE
3,306,Aggron,steel,rock,70,110,180,60,60,50,530,PU,FALSE,FALSE,FALSE
7,768,Golisopod,bug,water,75,125,140,60,90,40,530,RU,FALSE,FALSE,FALSE
3,257,Blaziken,fire,fighting,80,120,70,110,70,80,530,Uber,FALSE,FALSE,FALSE
1,103,Exeggutor,grass,psychic,95,95,85,125,75,55,530,Untiered,FALSE,TRUE,FALSE
3,365,Walrein,ice,water,110,80,90,95,90,65,530,Untiered,FALSE,FALSE,FALSE
2,160,Feraligatr,water,,85,105,100,79,83,78,530,UU,FALSE,FALSE,FALSE
4,395,Empoleon,water,steel,84,86,88,111,101,60,530,UU,FALSE,FALSE,FALSE
4,473,Mamoswine,ice,ground,110,130,80,70,60,80,530,UU,FALSE,FALSE,FALSE
6,652,Chesnaught,grass,fighting,88,107,122,74,75,64,530,UU,FALSE,FALSE,FALSE
7,730,Primarina,water,fairy,80,74,74,126,116,60,530,UU,FALSE,FALSE,FALSE
6,673,Gogoat,grass,,123,100,62,97,81,68,531,Untiered,FALSE,FALSE,FALSE
1,6,Charizard,fire,flying,78,84,78,109,85,100,534,NU,FALSE,FALSE,FALSE
2,157,Typhlosion,fire,,78,84,78,109,85,100,534,NU,FALSE,FALSE,FALSE
6,655,Delphox,fire,psychic,75,69,72,114,100,104,534,NU,FALSE,FALSE,FALSE
7,772,Type: Null,normal,,95,95,95,95,95,59,534,Untiered,FALSE,FALSE,FALSE
4,392,Infernape,fire,fighting,76,104,71,104,71,108,534,UU,FALSE,FALSE,FALSE
4,462,Magnezone,electric,steel,70,70,115,130,90,60,535,OU,FALSE,FALSE,FALSE
4,465,Tangrowth,grass,,100,100,125,110,50,50,535,OU,FALSE,FALSE,FALSE
4,474,Porygon-Z,normal,,85,80,70,135,75,90,535,OU,FALSE,FALSE,FALSE
4,464,Rhyperior,ground,rock,115,140,130,55,55,40,535,RU,FALSE,FALSE,FALSE
5,584,Vanilluxe,ice,,71,95,85,110,95,79,535,RU,FALSE,FALSE,FALSE
6,715,Noivern,flying,dragon,85,70,80,97,80,123,535,RU,FALSE,FALSE,FALSE
1,131,Lapras,water,ice,130,85,80,85,95,60,535,Untiered,FALSE,FALSE,FALSE
2,169,Crobat,poison,flying,85,90,80,70,80,130,535,UU,FALSE,FALSE,FALSE
3,260,Swampert,water,ground,100,110,90,85,90,60,535,UU,FALSE,FALSE,FALSE
4,467,Magmortar,fire,,75,95,67,125,95,83,540,NU,FALSE,FALSE,FALSE
1,130,Gyarados,water,flying,95,125,79,60,100,81,540,OU,FALSE,FALSE,FALSE
1,143,Snorlax,normal,,160,110,65,65,110,30,540,RU,FALSE,FALSE,FALSE
2,230,Kingdra,water,dragon,75,95,95,95,95,85,540,RU,FALSE,FALSE,FALSE
3,350,Milotic,water,,95,60,79,100,125,81,540,RU,FALSE,FALSE,FALSE
7,804,Nagandel,poison,dragon,73,73,73,127,73,121,540,Uber,TRUE,FALSE,FALSE
4,466,Electivire,electric,,75,123,67,95,85,95,540,Untiered,FALSE,FALSE,FALSE
2,242,Blissey,normal,,255,10,10,75,135,55,540,UU,FALSE,FALSE,FALSE
5,555,Darmanitan Zen Mode,fire,psychic,105,30,105,140,105,55,540,UU,FALSE,FALSE,FALSE
5,612,Haxorus,dragon,,76,147,90,60,70,97,540,UU,FALSE,FALSE,FALSE
5,531,Audino- Mega,normal,fairy,103,60,126,80,126,50,545,PU,FALSE,FALSE,TRUE
4,468,Togekiss,fairy,flying,85,50,95,120,115,80,545,UU,FALSE,FALSE,FALSE
5,637,Volcarona,bug,fire,85,60,65,135,105,100,550,OU,FALSE,FALSE,FALSE
6,670,Floette,fairy,,74,65,67,125,128,92,551,NFE,FALSE,FALSE,FALSE
6,671,Florges,fairy,,78,65,68,112,154,75,552,RU,FALSE,FALSE,FALSE
1,59,Arcanine,fire,,90,110,80,100,80,95,555,RU,FALSE,FALSE,FALSE
3,354,Banette- Mega,ghost,,64,165,75,93,83,75,555,RU,FALSE,FALSE,TRUE
3,323,Camerupt- Mega,fire,ground,70,120,100,145,105,20,560,RU,FALSE,FALSE,TRUE
3,319,Sharpedo- Mega,water,dark,70,140,70,110,65,105,560,UU,FALSE,FALSE,TRUE
3,359,Absol- Mega,dark,,65,150,60,115,60,115,565,UU,FALSE,FALSE,TRUE
5,567,Archeops,rock,flying,75,140,65,112,65,110,567,NU,FALSE,FALSE,FALSE
7,799,Guzzlord,dark,dragon,223,101,53,97,53,43,570,NU,TRUE,FALSE,FALSE
7,785,Tapu Koko,electric,fairy,70,115,85,95,75,130,570,OU,TRUE,FALSE,FALSE
7,786,Tapu Lele,psychic,fairy,70,85,75,130,115,95,570,OU,TRUE,FALSE,FALSE
7,787,Tapu Bulu,grass,fairy,70,130,115,85,95,75,570,OU,TRUE,FALSE,FALSE
7,788,Tapu Fini,water,fairy,70,75,115,95,130,85,570,OU,TRUE,FALSE,FALSE
7,794,Buzzwole,bug,fighting,107,139,139,53,53,79,570,OU,TRUE,FALSE,FALSE
7,796,Xurkitree,electric,,83,89,71,173,71,83,570,OU,TRUE,FALSE,FALSE
7,797,Celesteela,steel,flying,97,101,103,107,101,61,570,OU,TRUE,FALSE,FALSE
7,798,Kartana,grass,steel,59,181,131,59,31,109,570,OU,TRUE,FALSE,FALSE
7,806,Blacephalon,fire,ghost,53,127,53,151,79,107,570,OU,TRUE,FALSE,FALSE
7,795,Pheromosa,bug,fighting,71,137,37,137,37,151,570,Uber,TRUE,FALSE,FALSE
7,773,Silvally,normal,,95,95,95,95,95,95,570,Untiered,FALSE,FALSE,FALSE
7,793,Nihilego,rock,poison,109,53,47,127,131,103,570,UU,TRUE,FALSE,FALSE
7,805,Stakataka,rock,steel,61,131,211,53,101,13,570,UU,TRUE,FALSE,FALSE
3,310,Manectric- Mega,electric,,70,75,80,135,80,135,575,UU,FALSE,FALSE,TRUE
1,18,Pidgeot- Mega,normal,flying,83,80,80,135,80,121,579,UU,FALSE,FALSE,TRUE
4,481,Mesprit,psychic,,80,105,105,105,105,80,580,NU,TRUE,FALSE,FALSE
3,362,Glailie- Mega,ice,,80,120,80,120,80,100,580,NU,FALSE,FALSE,TRUE
1,145,Zapdos,electric,flying,90,90,85,125,90,100,580,OU,TRUE,FALSE,FALSE
5,641,Tornadus Therian,flying,,79,100,80,110,90,121,580,OU,TRUE,FALSE,FALSE
5,642,Thundurus Incarnate,electric,flying,79,115,70,125,80,111,580,OU,TRUE,TRUE,FALSE
5,642,Thundurus Therian,electric,flying,79,105,70,145,80,101,580,OU,TRUE,FALSE,FALSE
5,647,Keldeo,water,fighting,91,72,90,129,90,108,580,OU,TRUE,FALSE,FALSE
4,428,Lopunny- Mega,normal,fighting,65,136,94,54,96,105,580,OU,FALSE,FALSE,TRUE
1,144,Articuno,ice,flying,90,85,100,95,125,85,580,PU,TRUE,FALSE,FALSE
3,377,Regirock,rock,,80,100,200,50,100,50,580,PU,TRUE,FALSE,FALSE
2,243,Raikou,electric,,90,85,75,115,100,115,580,RU,TRUE,FALSE,FALSE
3,379,Registeel,steel,,80,75,150,75,150,50,580,RU,TRUE,FALSE,FALSE
4,480,Uxie,psychic,,75,75,130,75,130,95,580,RU,TRUE,FALSE,FALSE
5,640,Virizion,grass,fighting,91,90,72,90,129,108,580,RU,TRUE,FALSE,FALSE
3,378,Regice,ice,,80,50,100,100,200,50,580,Untiered,TRUE,FALSE,FALSE
1,146,Moltres,fire,flying,90,100,90,125,85,90,580,UU,TRUE,FALSE,FALSE
2,244,Entei,fire,,115,115,85,90,75,100,580,UU,TRUE,FALSE,FALSE
2,245,Suicune,water,,100,75,115,90,115,85,580,UU,TRUE,FALSE,FALSE
4,482,Azelf,psychic,,75,125,70,125,70,115,580,UU,TRUE,FALSE,FALSE
5,638,Cobalion,steel,fighting,91,90,129,90,72,108,580,UU,TRUE,FALSE,FALSE
5,639,Terrakion,rock,fighting,91,129,90,72,90,108,580,UU,TRUE,FALSE,FALSE
5,641,Tornadus Incarnate,flying,,79,115,70,125,80,111,580,UU,TRUE,TRUE,FALSE
1,65,Alakazam- Mega,psychic,,55,50,65,175,95,150,590,OU,FALSE,FALSE,TRUE
1,115,Kangaskhan- Mega,normal,,105,125,100,60,100,100,590,Uber,FALSE,FALSE,TRUE
1,80,Slowbro- Mega,water,psychic,95,75,180,130,80,30,590,UU,FALSE,FALSE,TRUE
3,334,Altaria- Mega,dragon,fairy,75,110,110,110,105,80,590,UU,FALSE,FALSE,TRUE
4,460,Abomasnow- Mega,grass,ice,90,132,105,132,105,30,594,NU,FALSE,FALSE,TRUE
1,149,Dragonite,dragon,flying,91,134,95,100,100,80,600,OU,FALSE,FALSE,FALSE
2,248,Tyranitar,rock,dark,100,134,110,95,100,61,600,OU,FALSE,FALSE,FALSE
3,373,Salamence,dragon,flying,95,135,80,110,80,100,600,OU,FALSE,FALSE,FALSE
3,381,Latios,dragon,psychic,80,90,80,130,110,110,600,OU,TRUE,FALSE,FALSE
3,385,Jirachi,steel,psychic,100,100,100,100,100,100,600,OU,TRUE,FALSE,FALSE
4,445,Garchomp,dragon,ground,108,130,95,80,85,102,600,OU,FALSE,FALSE,FALSE
4,485,Heatran,fire,steel,91,90,106,130,106,77,600,OU,TRUE,FALSE,FALSE
4,490,Manaphy,water,,100,100,100,100,100,100,600,OU,TRUE,FALSE,FALSE
5,494,Victini,psychic,fire,100,100,100,100,100,100,600,OU,TRUE,FALSE,FALSE
5,645,Landorus Tehran,ground,flying,89,145,90,105,80,91,600,OU,TRUE,FALSE,FALSE
7,784,Kommo-o,dragon,fighting,75,110,125,100,105,85,600,OU,FALSE,FALSE,FALSE
7,801,Magearna,steel,fairy,80,95,115,130,115,65,600,OU,TRUE,FALSE,FALSE
1,127,Pinsir- Mega,bug,flying,65,155,120,65,90,105,600,OU,FALSE,FALSE,TRUE
2,212,Scizor- Mega,bug,steel,70,150,140,65,100,75,600,OU,FALSE,FALSE,TRUE
2,214,Heracross- Mega,bug,fighting,80,185,115,40,105,75,600,OU,FALSE,FALSE,TRUE
3,376,Metagross,steel,psychic,80,135,130,95,90,70,600,RU,FALSE,FALSE,FALSE
4,488,Cresselia,psychic,,120,70,120,75,130,85,600,RU,TRUE,FALSE,FALSE
4,492,Shaymin Land,grass,,100,100,100,100,100,100,600,RU,TRUE,TRUE,FALSE
6,706,Goodra,dragon,,90,100,70,110,150,80,600,RU,FALSE,FALSE,FALSE
6,719,Diancie,rock,fairy,50,100,150,100,150,50,600,RU,TRUE,FALSE,FALSE
6,720,Hoopa Confined,psychic,ghost,80,110,60,150,130,90,600,RU,TRUE,TRUE,FALSE
7,800,Necrozma,psychic,,97,107,101,127,89,79,600,RU,TRUE,TRUE,FALSE
3,386,Deoxys,psychic,,50,150,50,150,50,150,600,Uber,TRUE,TRUE,FALSE
3,386,Deoxys Attack,psychic,,50,180,20,180,20,150,600,Uber,TRUE,FALSE,FALSE
3,386,Deoxys Defense,psychic,,50,70,160,70,160,90,600,Uber,TRUE,FALSE,FALSE
3,386,Deoxys Speed,psychic,,50,95,90,95,90,180,600,Uber,TRUE,FALSE,FALSE
4,491,Darkrai,dark,,70,90,90,135,90,125,600,Uber,TRUE,FALSE,FALSE
4,492,Shaymin Sky,grass,flying,100,103,75,120,75,127,600,Uber,TRUE,FALSE,FALSE
5,645,Landorus Incarnate,ground,flying,89,125,90,115,80,101,600,Uber,TRUE,TRUE,FALSE
5,649,Genesect,bug,steel,71,120,95,120,95,99,600,Uber,TRUE,FALSE,FALSE
6,718,Zygarde 50%,dragon,ground,108,100,121,81,95,95,600,Uber,TRUE,TRUE,FALSE
7,802,Marshadow,fighting,ghost,90,125,80,90,90,125,600,Uber,TRUE,FALSE,FALSE
1,94,Gengar- Mega,ghost,poison,60,65,80,170,95,130,600,Uber,FALSE,FALSE,TRUE
7,809,Melmetal,steel,,135,143,143,80,65,34,600,Untiered,TRUE,FALSE,FALSE
1,151,Mew,psychic,,100,100,100,100,100,100,600,UU,TRUE,FALSE,FALSE
2,251,Celebi,psychic,grass,100,100,100,100,100,100,600,UU,TRUE,FALSE,FALSE
3,380,Latias,dragon,psychic,80,80,90,110,130,110,600,UU,TRUE,FALSE,FALSE
5,635,Hydreigon,dark,dragon,92,105,90,125,90,98,600,UU,FALSE,FALSE,FALSE
5,648,Meloetta Pirouette,normal,fighting,100,128,90,77,77,128,600,UU,TRUE,FALSE,FALSE
5,648,Meloetta Aria,normal,psychic,100,77,77,128,128,90,600,UU,TRUE,TRUE,FALSE
6,721,Volcanion,fire,water,80,110,120,130,90,70,600,UU,TRUE,FALSE,FALSE
7,807,Zeraora,electric,,88,112,75,102,80,143,600,UU,TRUE,FALSE,FALSE
2,229,Houndoom- Mega,dark,fire,75,90,90,140,90,115,600,UU,FALSE,FALSE,TRUE
2,181,Ampharos- Mega,electric,dragon,90,95,105,165,110,45,610,RU,FALSE,FALSE,TRUE
2,208,Steelix- Mega,steel,ground,75,125,230,55,75,30,610,UU,FALSE,FALSE,TRUE
1,142,Aerodactyl- Mega,rock,flying,80,135,85,70,95,150,615,UU,FALSE,FALSE,TRUE
3,282,Gardevoir- Mega,psychic,fairy,68,85,65,165,135,100,618,OU,FALSE,FALSE,TRUE
4,475,Gallade- Mega,psychic,fighting,68,165,95,65,115,110,618,OU,FALSE,FALSE,TRUE
7,746,Wishiwashi School,water,,45,140,130,140,135,30,620,Untiered,FALSE,TRUE,FALSE
1,3,Venusaur - Mega,grass,poison,80,100,123,122,120,80,625,OU,FALSE,FALSE,TRUE
4,448,Lucario- Mega,fighting,steel,70,145,88,140,70,112,625,Uber,FALSE,FALSE,TRUE
1,9,Blastoise- Mega,water,,79,103,120,135,115,78,630,RU,FALSE,FALSE,TRUE
3,254,Sceptile- Mega,grass,dragon,70,110,75,145,85,145,630,RU,FALSE,FALSE,TRUE
3,257,Blaziken- Mega,fire,fighting,80,160,80,130,80,100,630,Uber,FALSE,FALSE,TRUE
3,306,Aggron- Mega,steel,,70,140,230,60,80,50,630,UU,FALSE,FALSE,TRUE
1,6,Charizard X- Mega,fire,dragon,78,130,111,130,85,100,634,OU,FALSE,FALSE,TRUE
1,6,Charizard Y- Mega,fire,flying,78,104,78,159,115,100,634,OU,FALSE,FALSE,TRUE
3,260,Swampert- Mega,water,ground,100,150,110,95,110,70,635,OU,FALSE,FALSE,TRUE
1,130,Gyarados- Mega,water,dark,95,155,109,70,130,81,640,OU,FALSE,FALSE,TRUE
6,658,Greninja- Alolansh,water,dark,72,145,67,153,71,132,640,OU,FALSE,FALSE,TRUE
5,646,Kyurem,dragon,ice,125,130,90,130,90,95,660,UU,TRUE,TRUE,FALSE
3,382,Kyogre,water,,100,100,90,150,140,90,670,Uber,TRUE,FALSE,FALSE
3,383,Groudon,ground,,100,150,140,100,90,90,670,Uber,TRUE,FALSE,FALSE
3,289,Slaking,normal,,150,160,100,95,65,100,670,Untiered,FALSE,FALSE,FALSE
4,486,Regigigas,normal,,110,160,110,80,110,100,670,Untiered,TRUE,FALSE,FALSE
6,720,Hoopa Unbound,psychic,dark,80,160,60,170,130,80,680,OU,TRUE,FALSE,FALSE
1,150,Mewtwo,psychic,,106,110,90,154,90,130,680,Uber,TRUE,FALSE,FALSE
2,249,Lugia,psychic,flying,106,90,130,90,154,110,680,Uber,TRUE,FALSE,FALSE
2,250,Ho-Oh,fire,flying,106,130,90,110,154,90,680,Uber,TRUE,FALSE,FALSE
3,384,Rayquaza,dragon,flying,105,150,90,150,90,96,680,Uber,TRUE,FALSE,FALSE
4,483,Dialga,steel,dragon,100,120,120,150,100,90,680,Uber,TRUE,FALSE,FALSE
4,484,Palkia,water,dragon,90,120,100,150,120,100,680,Uber,TRUE,FALSE,FALSE
4,487,Giratina Altered,ghost,dragon,150,100,120,100,120,90,680,Uber,TRUE,TRUE,FALSE
4,487,Giratina Origin,ghost,dragon,150,120,100,120,100,90,680,Uber,TRUE,FALSE,FALSE
5,643,Reshiram,dragon,fire,100,120,100,150,120,90,680,Uber,TRUE,FALSE,FALSE
5,644,Zekrom,dragon,electric,100,150,120,120,100,90,680,Uber,TRUE,FALSE,FALSE
6,716,Xerneas,fairy,,126,131,95,131,98,99,680,Uber,TRUE,FALSE,FALSE
6,717,Yveltal,dark,flying,126,131,95,131,98,99,680,Uber,TRUE,FALSE,FALSE
7,791,Solgaleo,psychic,steel,137,137,107,113,89,97,680,Uber,TRUE,FALSE,FALSE
7,792,Lunala,psychic,ghost,137,113,89,137,107,97,680,Uber,TRUE,FALSE,FALSE
7,800,Necrozma Dawn Wings,psychic,ghost,97,113,109,157,127,77,680,Uber,TRUE,FALSE,FALSE
7,800,Necrozma Dusk Mane,psychic,steel,97,157,127,113,109,77,680,Uber,TRUE,FALSE,FALSE
5,646,Kyurem Black,dragon,ice,125,170,100,120,90,95,700,OU,TRUE,FALSE,FALSE
2,248,Tyranitar- Mega,rock,dark,100,164,150,95,120,71,700,OU,FALSE,FALSE,TRUE
3,380,Latias- Mega,dragon,psychic,80,100,120,140,150,110,700,OU,TRUE,FALSE,TRUE
3,381,Latios- Mega,dragon,psychic,80,130,100,160,120,110,700,OU,TRUE,FALSE,TRUE
4,445,Garchomp- Mega,dragon,ground,108,170,115,120,95,92,700,OU,FALSE,FALSE,TRUE
6,719,Diancie- Mega,rock,fairy,50,160,110,160,110,110,700,OU,TRUE,FALSE,TRUE
5,646,Kyurem White,dragon,ice,125,120,90,170,100,95,700,Uber,TRUE,FALSE,FALSE
3,373,Salamence- Mega,dragon,flying,95,145,130,120,90,120,700,Uber,FALSE,FALSE,TRUE
3,376,Metagross- Mega,steel,psychic,80,145,150,105,110,110,700,Uber,FALSE,FALSE,TRUE
6,718,Zygarde Complete,dragon,ground,216,100,121,91,95,85,708,Uber,TRUE,FALSE,FALSE
4,493,Arceus,normal,,120,120,120,120,120,120,720,Uber,TRUE,FALSE,FALSE
7,800,Necrozma Ultra,psychic,dragon,97,167,97,167,97,129,754,Uber,TRUE,FALSE,TRUE
3,382,Kyogre-P,water,,100,150,90,180,160,90,770,Uber,TRUE,FALSE,TRUE
3,383,Groudon-P,ground,fire,100,180,160,150,90,90,770,Uber,TRUE,FALSE,TRUE
3,384,Rayquaza- Mega,dragon,flying,105,180,100,180,100,115,780,AG,TRUE,FALSE,TRUE
1,150,Mewtwo X- Mega,psychic,fighting,106,190,100,154,100,130,780,Uber,TRUE,FALSE,TRUE
1,150,Mewtwo Y- Mega,psychic,,106,150,70,194,120,140,780,Uber,TRUE,FALSE,TRUE